age,del_18O,del_D,d-excess,Tsite(°C),Tsource(°C),Tsource-Tsite(°C)
0.1,-55.13,-426.82,14.2,-0.16,-0.22,-0.06
0.3,-55.13,-426.58,14.47,-0.01,0.07,0.08
0.5,-55.23,-427.29,14.58,-0.1,0.07,0.17
0.7,-55.22,-427.13,14.65,-0.05,0.16,0.2
0.9,-54.93,-424.6,14.8,0.51,0.71,0.2
1.1,-55.04,-425.5,14.84,0.35,0.6,0.25
1.3,-54.87,-424.54,14.41,0.37,0.35,-0.02
1.5,-54.82,-424.52,14.01,0.22,-0.02,-0.24
1.7,-55.04,-426.43,13.93,-0.19,-0.4,-0.21
1.9,-55.25,-427.85,14.14,-0.38,-0.42,-0.04
2.1,-55.31,-428.37,14.08,-0.51,-0.56,-0.05
2.3,-55.59,-430.5,14.21,-0.87,-0.77,0.1
2.5,-55.39,-428.79,14.36,-0.48,-0.36,0.13
2.7,-55.21,-427.16,14.56,-0.08,0.09,0.18
2.9,-55.19,-427.21,14.29,-0.2,-0.16,0.03
3.1,-55.08,-426.24,14.43,0.05,0.13,0.08
3.3,-55.08,-425.74,14.94,0.34,0.69,0.34
3.5,-55.26,-426.92,15.17,0.21,0.72,0.52
3.7,-55.24,-426.88,15.05,0.17,0.62,0.45
3.9,-55.31,-427.28,15.22,0.15,0.72,0.56
4.1,-55.42,-428.24,15.09,-0.08,0.45,0.53
4.3,-55.4,-428.61,14.59,-0.35,-0.08,0.27
4.5,-55.38,-428.37,14.65,-0.28,0.02,0.3
4.7,-55.5,-429.4,14.59,-0.5,-0.19,0.31
4.9,-55.4,-428.37,14.8,-0.22,0.17,0.39
5.1,-55.38,-428.07,14.95,-0.1,0.36,0.47
5.3,-55.21,-426.86,14.8,0.08,0.42,0.35
5.5,-55.2,-427.16,14.47,-0.11,0.08,0.18
5.7,-55.25,-427.33,14.65,-0.07,0.22,0.29
5.9,-55.2,-427.45,14.14,-0.29,-0.26,0.03
6.1,-54.98,-426.31,13.49,-0.32,-0.69,-0.37
6.3,-54.99,-426.41,13.54,-0.32,-0.65,-0.33
6.5,-54.87,-425.45,13.48,-0.16,-0.55,-0.39
6.7,-54.82,-425.32,13.22,-0.23,-0.77,-0.53
6.9,-54.69,-424.21,13.33,0.03,-0.48,-0.51
7.1,-54.8,-424.7,13.7,0.08,-0.19,-0.27
7.3,-54.84,-424.87,13.87,0.11,-0.06,-0.17
7.5,-54.82,-424.87,13.73,0.06,-0.18,-0.24
7.7,-54.69,-424.07,13.45,0.11,-0.31,-0.41
7.9,-54.97,-426.29,13.48,-0.32,-0.62,-0.31
8.1,-54.87,-425.55,13.43,-0.19,-0.53,-0.35
8.3,-54.81,-425.33,13.18,-0.24,-0.72,-0.48
8.5,-54.91,-425.83,13.46,-0.23,-0.52,-0.3
8.7,-54.93,-425.78,13.69,-0.13,-0.29,-0.16
8.9,-54.62,-423.54,13.41,0.21,-0.17,-0.38
9.1,-54.59,-423.52,13.18,0.12,-0.37,-0.49
9.3,-54.38,-421.79,13.27,0.5,0.01,-0.48
9.5,-54.22,-420.77,13.01,0.6,-0.04,-0.64
9.7,-54.09,-419.69,13.04,0.83,0.19,-0.64
9.9,-54.06,-419.33,13.14,0.94,0.37,-0.57
10.1,-53.81,-417.28,13.16,1.35,0.73,-0.61
10.3,-53.83,-417.57,13.05,1.25,0.61,-0.64
10.5,-53.81,-417.47,13.01,1.26,0.62,-0.64
10.7,-53.78,-417.65,12.6,1.07,0.24,-0.83
10.9,-53.64,-416.78,12.33,1.14,0.16,-0.97
11.1,-53.74,-417.7,12.18,0.9,-0.09,-0.99
11.3,-53.67,-417.42,11.96,0.88,-0.2,-1.08
11.5,-53.71,-417.68,11.99,0.84,-0.17,-1.01
11.7,-53.91,-419.13,12.13,0.62,-0.21,-0.83
11.9,-54.32,-422.18,12.4,0.14,-0.38,-0.52
12.1,-54.63,-424.7,12.36,-0.35,-0.75,-0.39
12.3,-54.87,-426.62,12.35,-0.72,-1,-0.28
12.5,-55.29,-430.04,12.26,-1.42,-1.57,-0.15
12.7,-55.6,-432.39,12.4,-1.81,-1.74,0.07
12.9,-55.61,-432.44,12.46,-1.78,-1.62,0.16
13.1,-55.86,-433.98,12.93,-1.89,-1.36,0.53
13.3,-56.12,-435.85,13.09,-2.18,-1.44,0.74
13.5,-56.15,-436.04,13.2,-2.17,-1.31,0.86
13.7,-56.1,-435.6,13.19,-2.08,-1.19,0.89
13.9,-55.99,-435.08,12.84,-2.11,-1.39,0.72
14.1,-55.95,-434.89,12.68,-2.12,-1.46,0.67
14.3,-55.76,-433.66,12.4,-1.99,-1.48,0.51
14.5,-55.63,-432.86,12.2,-1.9,-1.49,0.42
14.7,-55.68,-433.4,12.02,-2.07,-1.69,0.38
14.9,-56.01,-435.94,12.11,-2.52,-1.94,0.57
15.1,-56.08,-436.69,11.98,-2.7,-2.13,0.58
15.3,-56.24,-437.65,12.29,-2.76,-1.94,0.82
15.5,-56.27,-437.8,12.35,-2.76,-1.85,0.9
15.7,-56.33,-438.23,12.38,-2.82,-1.85,0.97
15.9,-56.51,-439.67,12.45,-3.07,-1.96,1.11
16.1,-56.76,-441.74,12.36,-3.49,-2.32,1.17
16.3,-57.1,-444.67,12.12,-4.14,-2.96,1.19
16.5,-57.62,-448.8,12.15,-4.92,-3.52,1.4
16.7,-58.18,-453.09,12.32,-5.67,-3.98,1.69
16.9,-58.33,-454.44,12.18,-5.98,-4.29,1.69
17.1,-58.46,-455.32,12.32,-6.09,-4.26,1.82
17.3,-58.85,-457.84,12.93,-6.33,-4.04,2.28
17.5,-58.96,-458.77,12.9,-6.52,-4.2,2.32
17.7,-58.94,-459.06,12.48,-6.73,-4.62,2.12
17.9,-59.25,-461.26,12.71,-7.06,-4.71,2.35
18.1,-59.42,-462.7,12.65,-7.36,-4.98,2.38
18.3,-59.41,-463.03,12.21,-7.59,-5.43,2.16
18.5,-59.45,-463.5,12.11,-7.72,-5.59,2.13
18.7,-59.33,-462.71,11.95,-7.63,-5.62,2.01
18.9,-59.29,-462.66,11.62,-7.75,-5.91,1.83
19.1,-59.37,-463.42,11.56,-7.92,-6.09,1.83
19.3,-59.41,-463.79,11.51,-8.01,-6.19,1.82
19.5,-59.37,-463.25,11.7,-7.83,-5.93,1.9
19.7,-59.45,-463.34,12.3,-7.62,-5.39,2.23
19.9,-59.46,-462.9,12.78,-7.34,-4.87,2.47
20.1,-59.5,-462.91,13.12,-7.21,-4.55,2.66
20.3,-59.62,-463.46,13.51,-7.17,-4.28,2.89
20.5,-59.73,-464.22,13.62,-7.27,-4.3,2.97
20.7,-59.85,-465.02,13.75,-7.37,-4.3,3.07
20.9,-59.95,-465.85,13.79,-7.52,-4.39,3.13
21.1,-59.96,-465.72,13.97,-7.42,-4.2,3.22
21.3,-59.88,-464.91,14.1,-7.22,-3.97,3.25
21.5,-59.88,-464.67,14.35,-7.07,-3.7,3.38
21.7,-59.97,-465.41,14.31,-7.23,-3.86,3.38
21.9,-59.98,-465.37,14.49,-7.16,-3.69,3.47
22.1,-60.03,-466.1,14.16,-7.43,-4.12,3.31
22.3,-60.09,-466.76,13.95,-7.64,-4.42,3.22
22.5,-59.99,-466.1,13.83,-7.56,-4.45,3.12
22.7,-59.84,-464.83,13.87,-7.3,-4.22,3.08
22.9,-59.62,-463.57,13.39,-7.25,-4.48,2.77
23.1,-59.41,-462.18,13.07,-7.11,-4.58,2.53
23.3,-59.23,-460.6,13.26,-6.73,-4.17,2.56
23.5,-59.31,-461.13,13.36,-6.8,-4.17,2.63
23.7,-59.45,-462.44,13.2,-7.11,-4.53,2.58
23.9,-59.56,-463.45,13.05,-7.37,-4.83,2.54
24.1,-59.63,-463.95,13.07,-7.46,-4.9,2.55
24.3,-59.72,-464.94,12.8,-7.76,-5.32,2.44
24.5,-59.73,-465.29,12.57,-7.91,-5.59,2.32
24.7,-59.65,-464.83,12.34,-7.92,-5.74,2.17
24.9,-59.67,-464.56,12.84,-7.67,-5.24,2.43
25.1,-59.85,-465.16,13.62,-7.48,-4.61,2.87
25.3,-60,-465.86,14.13,-7.42,-4.24,3.18
25.5,-60.07,-466.2,14.4,-7.38,-4.05,3.33
25.7,-59.95,-464.71,14.89,-6.9,-3.37,3.53
25.9,-59.78,-463.42,14.8,-6.69,-3.27,3.42
26.1,-59.65,-462.84,14.34,-6.77,-3.63,3.13
26.3,-59.64,-463.1,14.04,-6.94,-3.96,2.97
26.5,-59.65,-462.85,14.34,-6.77,-3.66,3.12
26.7,-59.77,-463.45,14.73,-6.74,-3.39,3.34
26.9,-59.77,-463.37,14.81,-6.69,-3.31,3.38
27.1,-59.82,-463.67,14.86,-6.73,-3.33,3.4
27.3,-59.62,-462.39,14.59,-6.6,-3.4,3.19
27.5,-59.44,-461.44,14.05,-6.63,-3.78,2.85
27.7,-59.37,-461.53,13.46,-6.88,-4.36,2.52
27.9,-59.43,-462.16,13.29,-7.07,-4.63,2.44
28.1,-59.3,-460.99,13.43,-6.79,-4.33,2.46
28.3,-59.29,-460.52,13.79,-6.56,-3.93,2.63
28.5,-59.2,-459.61,14,-6.3,-3.6,2.7
28.7,-59.25,-459.69,14.32,-6.2,-3.33,2.87
28.9,-59.37,-460.29,14.68,-6.18,-3.1,3.08
29.1,-59.41,-460.59,14.69,-6.23,-3.14,3.09
29.3,-59.3,-459.91,14.47,-6.19,-3.26,2.93
29.5,-59.55,-461.96,14.41,-6.61,-3.64,2.97
29.7,-59.54,-462.18,14.12,-6.77,-3.97,2.8
29.9,-59.47,-462.09,13.69,-6.92,-4.37,2.55
30.1,-59.53,-462.76,13.46,-7.14,-4.71,2.44
30.3,-59.52,-462.72,13.46,-7.14,-4.71,2.43
30.5,-59.54,-462.72,13.6,-7.08,-4.59,2.49
30.7,-59.71,-463.99,13.73,-7.28,-4.68,2.61
30.9,-59.8,-464.5,13.93,-7.3,-4.57,2.73
31.1,-59.75,-463.77,14.19,-7.06,-4.23,2.83
31.3,-59.77,-463.88,14.25,-7.06,-4.19,2.87
31.5,-59.66,-463.37,13.9,-7.1,-4.45,2.65
31.7,-59.38,-461.34,13.72,-6.78,-4.32,2.46
31.9,-59.13,-459.69,13.36,-6.6,-4.41,2.2
32.1,-59.03,-459.27,13,-6.67,-4.69,1.97
32.3,-59.09,-459.67,13.01,-6.74,-4.75,1.99
32.5,-58.99,-458.65,13.28,-6.44,-4.34,2.1
32.7,-58.88,-457.59,13.43,-6.18,-4.04,2.13
32.9,-58.98,-457.86,13.96,-6.02,-3.59,2.43
33.1,-59,-457.8,14.19,-5.92,-3.38,2.54
33.3,-59.03,-457.96,14.3,-5.91,-3.3,2.61
33.5,-59.13,-458.56,14.44,-5.97,-3.27,2.71
33.7,-59.33,-460.18,14.48,-6.27,-3.49,2.78
33.9,-59.36,-460.67,14.21,-6.47,-3.82,2.65
34.1,-59.25,-459.64,14.39,-6.21,-3.51,2.7
34.3,-58.99,-457.64,14.24,-5.88,-3.34,2.54
34.5,-58.73,-456.3,13.57,-5.88,-3.77,2.11
34.7,-58.54,-455.07,13.29,-5.76,-3.86,1.9
34.9,-58.32,-453.37,13.16,-5.48,-3.73,1.75
35.1,-58.2,-453.08,12.54,-5.67,-4.28,1.39
35.3,-58.41,-454.81,12.48,-6.03,-4.61,1.42
35.5,-58.56,-455.75,12.77,-6.1,-4.49,1.61
35.7,-58.57,-455.67,12.89,-6.04,-4.38,1.66
35.9,-58.52,-455.16,13.02,-5.89,-4.19,1.71
36.1,-58.47,-454.43,13.34,-5.63,-3.78,1.85
36.3,-58.3,-452.86,13.53,-5.25,-3.37,1.89
36.5,-58.02,-450.53,13.66,-4.75,-2.89,1.86
36.7,-57.73,-448.2,13.61,-4.32,-2.58,1.74
36.9,-57.61,-447.72,13.18,-4.4,-2.91,1.48
37.1,-57.73,-448.88,12.98,-4.7,-3.29,1.41
37.3,-57.93,-450.57,12.91,-5.06,-3.63,1.43
37.5,-58.09,-451.84,12.87,-5.32,-3.86,1.46
37.7,-58.35,-453.55,13.23,-5.51,-3.79,1.72
37.9,-58.37,-453.4,13.6,-5.33,-3.42,1.92
38.1,-58.31,-452.74,13.73,-5.16,-3.2,1.96
38.3,-58.22,-451.94,13.82,-4.96,-2.99,1.98
38.5,-58.27,-452.23,13.92,-4.98,-2.95,2.04
38.7,-58.28,-452.66,13.55,-5.21,-3.36,1.85
38.9,-58.56,-455.05,13.45,-5.71,-3.83,1.89
39.1,-58.74,-456.66,13.29,-6.09,-4.23,1.86
39.3,-58.74,-457.06,12.83,-6.34,-4.73,1.62
39.5,-58.72,-457.3,12.43,-6.55,-5.15,1.4
39.7,-58.79,-458.33,12,-6.91,-5.71,1.21
39.9,-58.67,-457.15,12.18,-6.62,-5.37,1.25
40.1,-58.6,-456.23,12.58,-6.28,-4.85,1.44
40.3,-58.61,-456,12.9,-6.12,-4.52,1.6
40.5,-58.7,-456.48,13.15,-6.11,-4.35,1.76
40.7,-58.72,-455.79,13.98,-5.66,-3.48,2.18
40.9,-58.76,-455.96,14.13,-5.63,-3.37,2.26
41.1,-58.71,-455.62,14.03,-5.6,-3.41,2.19
41.3,-58.62,-455.12,13.85,-5.58,-3.51,2.07
41.5,-58.5,-454.39,13.58,-5.55,-3.66,1.88
41.7,-58.49,-454.77,13.16,-5.78,-4.12,1.66
41.9,-58.43,-454.67,12.8,-5.91,-4.46,1.45
42.1,-58.45,-454.94,12.62,-6.03,-4.67,1.36
42.3,-58.5,-455.4,12.57,-6.14,-4.79,1.35
42.5,-58.6,-456.22,12.56,-6.31,-4.94,1.37
42.7,-58.49,-455.47,12.44,-6.21,-4.94,1.27
42.9,-58.52,-455.35,12.77,-6.06,-4.62,1.44
43.1,-58.6,-455.6,13.22,-5.93,-4.24,1.69
43.3,-58.7,-455.93,13.66,-5.82,-3.89,1.94
43.5,-58.72,-455.99,13.74,-5.8,-3.82,1.98
43.7,-58.78,-456.32,13.93,-5.79,-3.7,2.09
43.9,-58.75,-456.18,13.85,-5.8,-3.76,2.04
44.1,-58.6,-455.1,13.72,-5.64,-3.72,1.92
44.3,-58.3,-453.4,12.98,-5.6,-4.15,1.45
44.5,-58.13,-452.18,12.89,-5.4,-4.06,1.35
44.7,-58.02,-451.33,12.8,-5.28,-4.02,1.26
44.9,-57.91,-450.8,12.5,-5.29,-4.23,1.06
45.1,-57.6,-448.91,11.87,-5.17,-4.53,0.64
45.3,-57.44,-447.49,12.02,-4.84,-4.17,0.67
45.5,-57.53,-447.9,12.31,-4.81,-3.96,0.84
45.7,-57.65,-448.95,12.24,-5.04,-4.2,0.84
45.9,-57.57,-448.56,12.03,-5.05,-4.34,0.71
46.1,-57.84,-450.24,12.46,-5.2,-4.2,1.01
46.3,-58.12,-452.03,12.9,-5.37,-4.05,1.32
46.5,-58.09,-451.9,12.83,-5.38,-4.1,1.28
46.7,-57.86,-449.99,12.88,-4.99,-3.75,1.24
46.9,-58.11,-451.94,12.93,-5.34,-4,1.34
47.1,-58.34,-454.17,12.58,-5.91,-4.67,1.24
47.3,-58.4,-454.98,12.2,-6.22,-5.15,1.06
47.5,-58.26,-453.99,12.08,-6.07,-5.11,0.96
47.7,-58.42,-455.09,12.25,-6.22,-5.12,1.1
47.9,-58.33,-454.01,12.6,-5.87,-4.62,1.25
48.1,-58.12,-452.24,12.75,-5.47,-4.21,1.26
48.3,-58.15,-452.03,13.15,-5.28,-3.8,1.48
48.5,-58.28,-453.12,13.11,-5.5,-4,1.5
48.7,-58.31,-453.73,12.73,-5.77,-4.46,1.31
48.9,-58.34,-453.97,12.78,-5.79,-4.45,1.35
49.1,-58.42,-454.32,13.07,-5.75,-4.24,1.51
49.3,-58.37,-454.03,12.96,-5.74,-4.29,1.44
49.5,-58.33,-453.45,13.21,-5.53,-3.98,1.55
49.7,-58.27,-452.81,13.37,-5.34,-3.73,1.61
49.9,-58.17,-452.16,13.22,-5.28,-3.77,1.5
50.1,-57.98,-451.11,12.73,-5.26,-4.07,1.19
50.3,-57.8,-450.21,12.16,-5.31,-4.47,0.84
50.5,-57.87,-450.86,12.08,-5.47,-4.65,0.82
50.7,-57.89,-450.6,12.52,-5.25,-4.2,1.05
50.9,-57.85,-449.96,12.82,-5.01,-3.81,1.19
51.1,-57.87,-449.59,13.4,-4.71,-3.21,1.5
51.3,-57.88,-449.16,13.85,-4.45,-2.72,1.73
51.5,-57.63,-447.46,13.61,-4.21,-2.68,1.53
51.7,-57.5,-446.15,13.84,-3.87,-2.26,1.61
51.9,-57.35,-444.83,13.98,-3.56,-1.92,1.64
52.1,-57.33,-444.88,13.76,-3.66,-2.14,1.52
52.3,-57.39,-445.46,13.63,-3.82,-2.35,1.47
52.5,-57.38,-445.22,13.86,-3.68,-2.09,1.59
52.7,-57.44,-446.34,13.17,-4.17,-2.92,1.25
52.9,-57.49,-447.56,12.35,-4.72,-3.87,0.85
53.1,-57.45,-447.64,11.98,-4.88,-4.23,0.66
53.3,-57.55,-448.32,12.11,-4.97,-4.21,0.76
53.5,-57.74,-449.81,12.1,-5.26,-4.44,0.81
53.7,-57.71,-449.38,12.34,-5.08,-4.14,0.93
53.9,-57.79,-449.42,12.87,-4.88,-3.65,1.23
54.1,-58.06,-451.27,13.2,-5.1,-3.62,1.49
54.3,-58.04,-451.29,13.06,-5.16,-3.75,1.41
54.5,-58.03,-451.24,13.02,-5.17,-3.77,1.39
54.7,-58.21,-452.74,12.98,-5.47,-4.04,1.43
54.9,-58.4,-454.12,13.08,-5.7,-4.16,1.54
55.1,-58.33,-453.48,13.17,-5.54,-3.97,1.57
55.3,-58.22,-452.71,13.05,-5.44,-3.97,1.47
55.5,-58.03,-451.25,13,-5.17,-3.78,1.4
55.7,-57.82,-449.74,12.85,-4.94,-3.69,1.26
55.9,-57.66,-448.79,12.49,-4.9,-3.87,1.03
56.1,-57.55,-448.13,12.3,-4.84,-3.94,0.91
56.3,-57.52,-447.4,12.72,-4.53,-3.41,1.12
56.5,-57.69,-448.5,13,-4.64,-3.31,1.32
56.7,-57.84,-449.44,13.25,-4.72,-3.22,1.5
56.9,-57.82,-449.05,13.48,-4.55,-2.93,1.62
57.1,-57.85,-448.63,14.14,-4.21,-2.23,1.98
57.3,-57.73,-447.71,14.12,-4.04,-2.1,1.94
57.5,-57.48,-445.87,13.94,-3.75,-1.98,1.78
57.7,-57.42,-445.55,13.8,-3.74,-2.05,1.7
57.9,-57.48,-446.15,13.68,-3.91,-2.24,1.66
58.1,-57.45,-446.14,13.45,-3.99,-2.45,1.54
58.3,-57.57,-447.16,13.37,-4.22,-2.68,1.54
58.5,-57.55,-447.48,12.95,-4.45,-3.12,1.32
58.7,-57.42,-446.62,12.78,-4.35,-3.14,1.2
58.9,-57.45,-446.58,13.04,-4.24,-2.89,1.35
59.1,-57.55,-447.65,12.73,-4.56,-3.33,1.23
59.3,-57.71,-449.01,12.66,-4.85,-3.6,1.25
59.5,-57.95,-450.49,13.11,-4.96,-3.39,1.57
59.7,-58.14,-451.91,13.24,-5.18,-3.47,1.71
59.9,-58.23,-452.92,12.93,-5.49,-3.91,1.58
60.1,-58.28,-453.61,12.62,-5.75,-4.3,1.44
60.3,-58.36,-454.26,12.6,-5.88,-4.41,1.46
60.5,-58.47,-454.87,12.88,-5.88,-4.23,1.65
60.7,-58.52,-454.99,13.2,-5.78,-3.94,1.84
60.9,-58.56,-455.51,12.93,-5.99,-4.28,1.71
61.1,-58.69,-456.33,13.17,-6.05,-4.18,1.87
61.3,-58.91,-457.85,13.42,-6.25,-4.17,2.07
61.5,-59.05,-459.23,13.15,-6.62,-4.65,1.97
61.7,-59.14,-460.37,12.79,-6.98,-5.17,1.81
61.9,-59.37,-461.9,13.07,-7.17,-5.14,2.03
62.1,-59.48,-462.65,13.2,-7.26,-5.14,2.13
62.3,-59.44,-462.51,13.04,-7.3,-5.27,2.03
62.5,-59.28,-460.94,13.31,-6.89,-4.77,2.12
62.7,-59.13,-459.33,13.72,-6.42,-4.13,2.29
62.9,-59.06,-458.53,13.92,-6.18,-3.82,2.36
63.1,-58.93,-457.11,14.36,-5.74,-3.19,2.55
63.3,-58.83,-455.85,14.81,-5.32,-2.57,2.75
63.5,-59.08,-457.88,14.79,-5.72,-2.9,2.82
63.7,-59.36,-460.17,14.71,-6.19,-3.33,2.86
63.9,-59.42,-460.61,14.75,-6.26,-3.36,2.89
64.1,-59.46,-461.36,14.32,-6.58,-3.9,2.68
64.3,-59.5,-462.15,13.82,-6.93,-4.5,2.42
64.5,-59.39,-461.19,13.93,-6.7,-4.25,2.44
64.7,-59.29,-460.22,14.09,-6.45,-3.97,2.48
64.9,-59.29,-460.27,14.05,-6.48,-4.01,2.46
65.1,-59.38,-461.01,14.01,-6.64,-4.17,2.47
65.3,-59.47,-461.85,13.88,-6.85,-4.42,2.43
65.5,-59.6,-463.31,13.49,-7.28,-5.01,2.27
65.7,-59.75,-464.9,13.13,-7.73,-5.6,2.14
65.9,-59.71,-464.44,13.25,-7.59,-5.4,2.19
66.1,-59.73,-464.29,13.53,-7.46,-5.12,2.34
66.3,-59.8,-464.46,13.91,-7.34,-4.79,2.55
66.5,-59.76,-463.78,14.3,-7.06,-4.32,2.74
66.7,-59.79,-463.67,14.64,-6.9,-3.99,2.92
66.9,-59.82,-463.93,14.67,-6.94,-4.01,2.94
67.1,-59.74,-463.24,14.66,-6.82,-3.92,2.89
67.3,-59.86,-463.95,14.89,-6.87,-3.83,3.04
67.5,-59.91,-464.41,14.83,-6.98,-3.96,3.02
67.7,-59.82,-463.79,14.75,-6.9,-3.97,2.93
67.9,-59.81,-463.72,14.79,-6.87,-3.93,2.94
68.1,-59.85,-464.16,14.6,-7.03,-4.19,2.84
68.3,-59.67,-462.83,14.52,-6.81,-4.09,2.72
68.5,-59.62,-462.3,14.68,-6.65,-3.87,2.78
68.7,-59.63,-462.2,14.84,-6.57,-3.72,2.85
68.9,-59.64,-461.96,15.14,-6.41,-3.42,2.99
69.1,-59.71,-462.11,15.61,-6.26,-3.02,3.24
69.3,-59.76,-462.27,15.78,-6.22,-2.9,3.33
69.5,-59.75,-461.91,16.08,-6.04,-2.57,3.47
69.7,-59.82,-462.14,16.43,-5.95,-2.3,3.65
69.9,-59.77,-461.7,16.42,-5.87,-2.26,3.62
70.1,-59.61,-460.44,16.47,-5.61,-2.03,3.58
70.3,-59.51,-459.45,16.63,-5.36,-1.74,3.61
70.5,-59.29,-457.68,16.63,-5.02,-1.5,3.53
70.7,-58.93,-455.17,16.25,-4.69,-1.49,3.2
70.9,-58.77,-453.98,16.2,-4.48,-1.38,3.11
71.1,-58.75,-453.77,16.21,-4.44,-1.35,3.09
71.3,-58.73,-453.72,16.11,-4.47,-1.46,3.01
71.5,-58.92,-455.11,16.22,-4.71,-1.6,3.11
71.7,-58.99,-455.53,16.38,-4.73,-1.54,3.19
71.9,-58.99,-455.6,16.34,-4.76,-1.61,3.15
72.1,-59.04,-456.02,16.27,-4.88,-1.77,3.11
72.3,-59.11,-456.71,16.15,-5.06,-2.01,3.05
72.5,-59.1,-457.13,15.7,-5.32,-2.52,2.8
72.7,-59.23,-457.83,15.99,-5.35,-2.38,2.97
72.9,-59.2,-457.44,16.17,-5.21,-2.18,3.03
73.1,-58.98,-455.58,16.24,-4.82,-1.83,2.99
73.3,-58.71,-453.25,16.4,-4.31,-1.34,2.97
73.5,-58.57,-452.02,16.57,-4.01,-1.01,3
73.7,-58.36,-450.55,16.31,-3.83,-1.04,2.78
73.9,-58.41,-451.04,16.25,-3.95,-1.2,2.75
74.1,-58.44,-451.43,16.05,-4.11,-1.47,2.64
74.3,-58.33,-450.99,15.62,-4.19,-1.83,2.37
74.5,-58.13,-449.63,15.41,-4.02,-1.84,2.18
74.7,-58.01,-448.72,15.32,-3.88,-1.8,2.08
74.9,-57.83,-447.67,14.99,-3.8,-1.96,1.84
75.1,-57.89,-448.16,14.99,-3.9,-2.05,1.85
75.3,-57.88,-447.96,15.06,-3.84,-1.97,1.87
75.5,-57.8,-447.3,15.12,-3.69,-1.82,1.86
75.7,-57.86,-447.78,15.1,-3.79,-1.92,1.87
75.9,-58.14,-449.78,15.38,-4.07,-1.98,2.09
76.1,-58.29,-450.81,15.48,-4.24,-2.06,2.18
76.3,-58.4,-451.56,15.67,-4.31,-2,2.31
76.5,-58.38,-451.4,15.68,-4.27,-1.97,2.3
76.7,-58.29,-450.73,15.6,-4.17,-1.95,2.23
76.9,-58.04,-448.93,15.35,-3.92,-1.9,2.02
77.1,-57.85,-447.6,15.23,-3.71,-1.82,1.89
77.3,-57.82,-447.44,15.1,-3.73,-1.92,1.81
77.5,-57.95,-448.62,14.95,-4.02,-2.26,1.76
77.7,-58.18,-450.67,14.8,-4.48,-2.73,1.75
77.9,-58.39,-452.3,14.82,-4.79,-2.98,1.82
78.1,-58.43,-452.5,14.96,-4.78,-2.88,1.89
78.3,-58.42,-452.4,15,-4.75,-2.85,1.9
78.5,-58.35,-451.77,15.06,-4.6,-2.7,1.9
78.7,-58.19,-450.23,15.31,-4.2,-2.23,1.98
78.9,-58.08,-449.28,15.35,-4.01,-2.06,1.95
79.1,-57.98,-448.59,15.26,-3.91,-2.04,1.87
79.3,-57.97,-448.47,15.3,-3.87,-1.99,1.88
79.5,-57.92,-448,15.33,-3.77,-1.9,1.87
79.7,-57.85,-447.56,15.2,-3.73,-1.95,1.78
79.9,-57.67,-446.26,15.13,-3.51,-1.82,1.69
80.1,-57.5,-445.11,14.93,-3.36,-1.83,1.53
80.3,-57.35,-443.72,15.04,-3.05,-1.51,1.54
80.5,-57.28,-443.06,15.15,-2.88,-1.31,1.57
80.7,-57.12,-441.65,15.32,-2.54,-0.94,1.6
80.9,-56.92,-440.22,15.16,-2.32,-0.87,1.46
81.1,-56.91,-439.98,15.32,-2.22,-0.68,1.54
81.3,-56.93,-440.29,15.14,-2.35,-0.9,1.45
81.5,-56.93,-440.34,15.06,-2.39,-0.98,1.41
81.7,-56.99,-440.91,15,-2.52,-1.13,1.39
81.9,-57.08,-441.59,15.08,-2.62,-1.16,1.47
82.1,-56.91,-440.31,14.95,-2.43,-1.08,1.35
82.3,-56.87,-440.15,14.81,-2.45,-1.18,1.27
82.5,-56.83,-440.22,14.42,-2.61,-1.55,1.06
82.7,-56.79,-440.33,13.97,-2.81,-1.99,0.82
82.9,-56.76,-440.04,14,-2.74,-1.91,0.83
83.1,-56.64,-438.85,14.25,-2.41,-1.47,0.94
83.3,-56.53,-437.74,14.53,-2.08,-1.02,1.06
83.5,-56.43,-436.7,14.78,-1.78,-0.62,1.16
83.7,-56.28,-435.48,14.74,-1.56,-0.46,1.1
83.9,-56.1,-434.17,14.61,-1.35,-0.37,0.99
84.1,-56.22,-435.26,14.47,-1.61,-0.65,0.96
84.3,-56.12,-434.68,14.28,-1.57,-0.73,0.84
84.5,-56.02,-433.9,14.23,-1.44,-0.65,0.79
84.7,-56.05,-434.1,14.27,-1.47,-0.63,0.83
84.9,-56.19,-435.18,14.3,-1.66,-0.75,0.9
85.1,-56.17,-435.08,14.28,-1.65,-0.75,0.9
85.3,-56.17,-435.22,14.1,-1.74,-0.93,0.81
85.5,-56.22,-435.88,13.91,-1.94,-1.21,0.74
85.7,-56.27,-436.2,13.94,-2,-1.23,0.77
85.9,-56.3,-436.48,13.89,-2.07,-1.31,0.76
86.1,-56.43,-437.57,13.88,-2.28,-1.48,0.8
86.3,-56.65,-439.11,14.05,-2.52,-1.56,0.95
86.5,-56.9,-440.96,14.22,-2.81,-1.7,1.11
86.7,-57.18,-443.14,14.3,-3.2,-1.96,1.25
86.9,-57.18,-442.9,14.57,-3.05,-1.66,1.39
87.1,-57.33,-444.13,14.48,-3.32,-1.93,1.39
87.3,-57.46,-445.26,14.43,-3.56,-2.16,1.4
87.5,-57.48,-445.2,14.68,-3.45,-1.92,1.53
87.7,-57.33,-444.17,14.48,-3.33,-1.95,1.38
87.9,-57.39,-445.02,14.11,-3.64,-2.43,1.21
88.1,-57.39,-445.06,14.09,-3.66,-2.46,1.2
88.3,-57.43,-445.19,14.22,-3.63,-2.36,1.27
88.5,-57.47,-445.88,13.91,-3.89,-2.77,1.12
88.7,-57.6,-446.79,14.01,-4.03,-2.83,1.2
88.9,-57.66,-447.31,13.96,-4.15,-2.96,1.19
89.1,-57.73,-447.64,14.16,-4.14,-2.83,1.31
89.3,-57.84,-448.51,14.2,-4.29,-2.93,1.36
89.5,-58.15,-450.86,14.31,-4.71,-3.2,1.5
89.7,-58.34,-451.91,14.78,-4.73,-2.94,1.79
89.9,-58.53,-452.98,15.24,-4.76,-2.68,2.08
90.1,-58.71,-454.77,14.91,-5.24,-3.28,1.96
90.3,-58.67,-454.61,14.73,-5.28,-3.43,1.85
90.5,-58.41,-452.54,14.74,-4.87,-3.1,1.78
90.7,-58.34,-452.22,14.48,-4.91,-3.3,1.61
90.9,-58.33,-452.42,14.22,-5.05,-3.58,1.48
91.1,-58.27,-451.75,14.39,-4.86,-3.32,1.54
91.3,-58.33,-452.04,14.57,-4.85,-3.2,1.64
91.5,-58.5,-453.22,14.82,-4.98,-3.16,1.82
91.7,-58.6,-453.68,15.09,-4.97,-2.99,1.98
91.9,-58.36,-451.72,15.15,-4.56,-2.63,1.93
92.1,-58.12,-449.77,15.17,-4.17,-2.31,1.86
92.3,-58.1,-449.68,15.14,-4.17,-2.34,1.83
92.5,-58.02,-449.21,14.98,-4.14,-2.43,1.72
92.7,-57.99,-449,14.93,-4.12,-2.45,1.67
92.9,-58.18,-450.29,15.13,-4.3,-2.48,1.82
93.1,-58.17,-450.14,15.19,-4.25,-2.41,1.84
93.3,-57.99,-448.79,15.11,-4.02,-2.27,1.74
93.5,-57.82,-447.53,15.06,-3.79,-2.14,1.66
93.7,-57.66,-446.25,15.01,-3.56,-1.99,1.57
93.9,-57.36,-443.91,14.97,-3.12,-1.66,1.46
94.1,-57.51,-444.84,15.22,-3.21,-1.58,1.63
94.3,-57.66,-445.93,15.38,-3.36,-1.6,1.76
94.5,-57.72,-446.31,15.42,-3.42,-1.63,1.79
94.7,-57.76,-446.78,15.31,-3.55,-1.8,1.75
94.9,-57.99,-448.92,14.98,-4.1,-2.46,1.64
95.1,-57.99,-449.43,14.46,-4.4,-3.03,1.38
95.3,-57.97,-449.44,14.3,-4.47,-3.18,1.29
95.5,-57.97,-449.36,14.38,-4.42,-3.1,1.32
95.7,-57.98,-449.18,14.64,-4.28,-2.82,1.46
95.9,-57.85,-447.92,14.88,-3.94,-2.4,1.55
96.1,-57.74,-446.71,15.22,-3.58,-1.89,1.69
96.3,-57.68,-446.19,15.24,-3.47,-1.78,1.68
96.5,-57.72,-446.29,15.47,-3.39,-1.58,1.81
96.7,-57.57,-445.34,15.19,-3.32,-1.69,1.62
96.9,-57.53,-444.84,15.43,-3.13,-1.39,1.73
97.1,-57.52,-444.86,15.28,-3.19,-1.54,1.65
97.3,-57.28,-442.8,15.47,-2.71,-1.03,1.69
97.5,-57.21,-442.41,15.24,-2.73,-1.18,1.54
97.7,-57.16,-441.86,15.39,-2.56,-0.95,1.61
97.9,-57.22,-442.55,15.18,-2.78,-1.25,1.52
98.1,-57.27,-442.76,15.39,-2.74,-1.09,1.65
98.3,-57.35,-443.37,15.4,-2.85,-1.16,1.68
98.5,-57.24,-442.56,15.39,-2.7,-1.05,1.65
98.7,-57.38,-443.79,15.29,-2.97,-1.33,1.64
98.9,-57.42,-444.06,15.27,-3.03,-1.39,1.65
99.1,-57.33,-443.43,15.18,-2.95,-1.37,1.57
99.3,-57.32,-443.38,15.21,-2.92,-1.34,1.59
99.5,-57.37,-443.5,15.47,-2.84,-1.1,1.74
99.7,-57.22,-442.29,15.46,-2.61,-0.92,1.69
99.9,-56.93,-440.12,15.36,-2.23,-0.68,1.55
100.1,-56.76,-438.81,15.27,-2.01,-0.55,1.46
100.3,-56.74,-438.78,15.14,-2.05,-0.67,1.39
100.5,-56.56,-437.75,14.69,-2.02,-0.91,1.11
100.7,-56.54,-437.82,14.48,-2.12,-1.12,1
100.9,-56.69,-438.87,14.62,-2.27,-1.15,1.12
101.1,-56.68,-438.64,14.77,-2.17,-0.97,1.2
101.3,-56.61,-438.42,14.45,-2.25,-1.23,1.02
101.5,-56.67,-439.24,14.1,-2.54,-1.68,0.87
101.7,-56.59,-438.34,14.35,-2.27,-1.29,0.98
101.9,-56.61,-438.65,14.27,-2.36,-1.41,0.95
102.1,-56.75,-439.85,14.13,-2.65,-1.73,0.92
102.3,-56.84,-440.38,14.37,-2.66,-1.58,1.08
102.5,-56.87,-440.1,14.88,-2.4,-1.05,1.35
102.7,-56.94,-440.53,15.01,-2.43,-0.99,1.44
102.9,-56.89,-439.82,15.32,-2.17,-0.59,1.59
103.1,-56.81,-439.19,15.29,-2.06,-0.51,1.55
103.3,-56.68,-437.82,15.59,-1.68,0,1.67
103.5,-56.63,-437.58,15.48,-1.67,-0.07,1.61
103.7,-56.52,-436.89,15.28,-1.61,-0.14,1.48
103.9,-56.43,-436.61,14.85,-1.73,-0.49,1.24
104.1,-56.65,-438.18,15.01,-1.97,-0.58,1.39
104.3,-56.68,-439.2,14.26,-2.46,-1.43,1.03
104.5,-56.74,-439.66,14.25,-2.55,-1.51,1.05
104.7,-56.98,-441.68,14.17,-2.98,-1.89,1.09
104.9,-57.2,-443.11,14.52,-3.11,-1.76,1.35
105.1,-57.32,-443.71,14.85,-3.1,-1.54,1.56
105.3,-57.67,-445.78,15.62,-3.2,-1.12,2.08
105.5,-57.88,-447.24,15.78,-3.42,-1.18,2.24
105.7,-57.99,-447.95,15.99,-3.47,-1.07,2.4
105.9,-58.09,-448.42,16.27,-3.45,-0.86,2.58
106.1,-58,-447.6,16.38,-3.24,-0.62,2.63
106.3,-57.81,-446.05,16.46,-2.91,-0.28,2.63
106.5,-57.69,-445.02,16.52,-2.68,-0.04,2.64
106.7,-57.46,-442.79,16.88,-2.1,0.67,2.77
106.9,-57.25,-441.35,16.66,-1.91,0.7,2.6
107.1,-57.16,-440.97,16.32,-1.96,0.45,2.42
107.3,-57.25,-441.8,16.21,-2.17,0.23,2.39
107.5,-57.22,-441.44,16.31,-2.05,0.39,2.44
107.7,-57.38,-442.89,16.13,-2.41,-0.01,2.4
107.9,-57.55,-444.28,16.13,-2.68,-0.22,2.46
108.1,-57.6,-444.68,16.16,-2.74,-0.25,2.49
108.3,-57.3,-442.27,16.16,-2.27,0.13,2.4
108.5,-57.22,-441.64,16.16,-2.15,0.22,2.37
108.7,-57.16,-441.13,16.14,-2.06,0.28,2.34
108.9,-57.09,-440.62,16.13,-1.97,0.34,2.31
109.1,-57.16,-440.92,16.35,-1.94,0.5,2.44
109.3,-57.37,-442.74,16.25,-2.33,0.11,2.45
109.5,-57.46,-443.7,15.95,-2.64,-0.33,2.31
109.7,-57.52,-444.56,15.6,-2.95,-0.81,2.14
109.9,-57.74,-446.47,15.47,-3.37,-1.24,2.13
110.1,-57.99,-448.56,15.33,-3.83,-1.72,2.12
110.3,-58.08,-449.18,15.42,-3.92,-1.75,2.18
110.5,-58.31,-450.66,15.8,-4.06,-1.64,2.43
110.7,-58.57,-452.23,16.31,-4.17,-1.43,2.75
110.9,-58.67,-453.14,16.25,-4.38,-1.64,2.73
111.1,-58.7,-453.49,16.1,-4.5,-1.86,2.65
111.3,-59.01,-455.78,16.29,-4.88,-2.06,2.82
111.5,-59.19,-457.19,16.33,-5.15,-2.28,2.87
111.7,-59.25,-457.82,16.21,-5.32,-2.51,2.81
111.9,-59.37,-458.26,16.71,-5.21,-2.14,3.08
112.1,-59.48,-458.63,17.21,-5.1,-1.76,3.34
112.3,-59.35,-457.67,17.16,-4.93,-1.68,3.25
112.5,-59.28,-456.91,17.3,-4.74,-1.46,3.27
112.7,-59.26,-456.35,17.71,-4.47,-1.02,3.45
112.9,-59.11,-455.18,17.69,-4.26,-0.89,3.37
113.1,-58.92,-453.82,17.52,-4.07,-0.87,3.2
113.3,-58.79,-453.49,16.86,-4.26,-1.46,2.8
113.5,-58.71,-453.22,16.43,-4.38,-1.86,2.53
113.7,-58.7,-453.09,16.49,-4.34,-1.81,2.53
113.9,-58.7,-452.96,16.64,-4.26,-1.68,2.58
114.1,-58.71,-452.84,16.84,-4.17,-1.5,2.66
114.3,-58.64,-451.41,17.73,-3.54,-0.47,3.08
114.5,-58.58,-450.38,18.23,-3.15,0.14,3.29
114.7,-58.55,-450.5,17.89,-3.31,-0.22,3.08
114.9,-58.53,-450.65,17.6,-3.46,-0.55,2.9
115.1,-58.51,-450.79,17.33,-3.6,-0.86,2.74
115.3,-58.69,-452.48,17.02,-4.05,-1.45,2.61
115.5,-58.79,-453.52,16.83,-4.33,-1.81,2.52
115.7,-58.7,-452.6,16.99,-4.1,-1.54,2.55
115.9,-58.66,-452.09,17.15,-3.94,-1.33,2.6
116.1,-58.63,-451.76,17.32,-3.81,-1.15,2.66
116.3,-58.53,-450.92,17.32,-3.65,-1.03,2.62
116.5,-58.41,-450.05,17.25,-3.51,-0.98,2.53
116.7,-58.24,-449.07,16.88,-3.46,-1.18,2.28
116.9,-58.12,-448.17,16.79,-3.32,-1.13,2.19
117.1,-58.03,-447.41,16.85,-3.15,-0.96,2.19
117.3,-58.03,-447.5,16.76,-3.2,-1.06,2.14
117.5,-58.04,-447.52,16.77,-3.21,-1.07,2.14
117.7,-58.13,-448.07,16.94,-3.25,-1,2.25
117.9,-58.15,-448.59,16.6,-3.48,-1.4,2.08
118.1,-58.1,-448.41,16.38,-3.54,-1.59,1.95
118.3,-57.98,-447.19,16.67,-3.18,-1.12,2.06
118.5,-57.76,-445.7,16.38,-3.01,-1.16,1.84
118.7,-57.59,-444.49,16.23,-2.83,-1.12,1.71
118.9,-57.41,-442.99,16.32,-2.5,-0.8,1.7
119.1,-57.16,-441.62,15.69,-2.48,-1.18,1.3
119.3,-57.01,-440.5,15.62,-2.29,-1.07,1.21
119.5,-57.01,-439.83,16.28,-1.9,-0.35,1.55
119.7,-56.97,-439.03,16.72,-1.57,0.19,1.76
119.9,-56.89,-438.43,16.72,-1.45,0.29,1.74
120.1,-56.91,-437.88,17.37,-1.09,0.99,2.08
120.3,-56.81,-437.11,17.39,-0.93,1.13,2.06
120.5,-56.62,-435.72,17.22,-0.72,1.19,1.92
120.7,-56.42,-434.32,17.05,-0.52,1.25,1.77
120.9,-56.22,-432.56,17.22,-0.11,1.69,1.8
121.1,-56.09,-431.57,17.14,0.06,1.78,1.72
121.3,-56.12,-432.03,16.92,-0.12,1.49,1.61
121.5,-56.15,-432.47,16.75,-0.27,1.27,1.54
121.7,-55.96,-431.26,16.39,-0.17,1.12,1.29
121.9,-55.81,-430.39,16.12,-0.11,1,1.11
122.1,-55.64,-429.25,15.89,0.02,0.97,0.95
122.3,-55.32,-426.96,15.58,0.35,1.04,0.69
122.5,-55.1,-425.68,15.09,0.41,0.78,0.37
122.7,-55.18,-426.34,15.13,0.29,0.71,0.42
122.9,-55.25,-426.81,15.17,0.22,0.68,0.46
123.1,-55.23,-426.63,15.24,0.28,0.77,0.49
123.3,-55.23,-426.26,15.59,0.49,1.16,0.67
123.5,-55.22,-425.56,16.22,0.87,1.87,0.99
123.7,-55.08,-424.58,16.04,1,1.85,0.86
123.9,-54.86,-422.97,15.93,1.27,2.01,0.74
124.1,-54.66,-422.09,15.2,1.15,1.45,0.3
124.3,-54.47,-420.97,14.8,1.22,1.26,0.04
124.5,-54.25,-419.77,14.19,1.21,0.87,-0.34
124.7,-54.18,-419.32,14.12,1.28,0.88,-0.39
124.9,-54.1,-419.12,13.72,1.16,0.55,-0.61
125.1,-54.03,-418.38,13.86,1.36,0.81,-0.55
125.3,-54,-418.29,13.69,1.31,0.67,-0.64
125.5,-53.87,-417.4,13.55,1.44,0.7,-0.73
125.7,-53.72,-416.26,13.53,1.65,0.88,-0.77
125.9,-53.83,-417.04,13.62,1.54,0.87,-0.67
126.1,-53.89,-417.37,13.75,1.53,0.97,-0.56
126.3,-53.74,-416.02,13.94,1.87,1.4,-0.47
126.5,-53.87,-416.79,14.21,1.83,1.56,-0.27
126.7,-53.86,-416.81,14.05,1.77,1.45,-0.32
126.9,-53.66,-415.07,14.2,2.17,1.89,-0.28
127.1,-53.65,-414.97,14.26,2.21,1.99,-0.22
127.3,-53.71,-415.82,13.9,1.91,1.55,-0.36
127.5,-53.61,-415.34,13.53,1.86,1.31,-0.56
127.7,-53.63,-415.33,13.67,1.92,1.47,-0.45
127.9,-53.52,-415.01,13.13,1.78,1.04,-0.74
128.1,-53.46,-414.59,13.08,1.84,1.1,-0.75
128.3,-53.55,-415.12,13.26,1.81,1.21,-0.6
128.5,-53.58,-415.35,13.32,1.8,1.27,-0.53
128.7,-53.6,-415.94,12.87,1.51,0.79,-0.72
128.9,-53.72,-416.71,13.07,1.44,0.89,-0.56
129.1,-53.52,-415.17,12.97,1.71,1.06,-0.64
129.3,-53.2,-412.68,12.92,2.18,1.44,-0.73
129.5,-52.95,-410.82,12.75,2.47,1.6,-0.88
129.7,-52.58,-407.79,12.84,3.1,2.19,-0.91
129.9,-52.22,-404.86,12.86,3.68,2.7,-0.99
130.1,-52.01,-403.55,12.53,3.81,2.62,-1.19
130.3,-51.82,-402.43,12.15,3.88,2.46,-1.42
130.5,-51.71,-401.63,12.04,4,2.52,-1.48
130.7,-51.61,-401.1,11.75,3.99,2.35,-1.64
130.9,-51.59,-401.33,11.38,3.81,2.01,-1.79
131.1,-51.5,-400.5,11.48,4.01,2.27,-1.73
131.3,-51.57,-400.99,11.61,3.97,2.37,-1.6
131.5,-51.57,-401.07,11.48,3.91,2.29,-1.62
131.7,-51.6,-401.08,11.69,3.99,2.55,-1.44
131.9,-51.73,-401.67,12.17,4.07,2.98,-1.09
132.1,-52.07,-404.28,12.26,3.61,2.74,-0.88
132.3,-52.39,-406.98,12.17,3.06,2.3,-0.76
132.5,-52.73,-409.85,11.99,2.44,1.76,-0.69
132.7,-53.23,-413.91,11.9,1.63,1.12,-0.51
132.9,-53.65,-417.76,11.44,0.72,0.16,-0.56
133.1,-54.05,-421.07,11.33,0.04,-0.39,-0.44
133.3,-54.3,-423.19,11.24,-0.39,-0.75,-0.36
133.5,-54.54,-425.05,11.31,-0.72,-0.92,-0.2
133.7,-54.77,-427.01,11.17,-1.14,-1.3,-0.16
133.9,-54.94,-428.44,11.07,-1.45,-1.57,-0.12
134.1,-55.14,-430.23,10.93,-1.84,-1.94,-0.09
134.3,-55.48,-432.79,11.07,-2.27,-2.16,0.12
134.5,-55.84,-435.66,11.07,-2.82,-2.57,0.26
134.7,-56.12,-438.02,10.95,-3.32,-3,0.32
134.9,-56.37,-439.77,11.16,-3.57,-3.05,0.52
135.1,-56.56,-441.09,11.38,-3.73,-3.02,0.71
135.3,-56.84,-443.56,11.17,-4.28,-3.57,0.72
135.5,-57.3,-446.73,11.64,-4.7,-3.59,1.12
135.7,-57.66,-448.95,12.29,-4.87,-3.3,1.58
135.9,-57.91,-451.06,12.24,-5.29,-3.65,1.65
136.1,-58.29,-453.62,12.67,-5.62,-3.62,1.99
136.3,-58.39,-454.4,12.75,-5.73,-3.66,2.07
136.5,-58.5,-455.21,12.76,-5.89,-3.77,2.11
136.7,-58.55,-456.05,12.33,-6.22,-4.31,1.91
136.9,-58.74,-457.38,12.54,-6.38,-4.3,2.09
137.1,-58.61,-456.98,11.92,-6.55,-4.82,1.73
137.3,-58.69,-457.09,12.4,-6.39,-4.39,2
137.5,-58.42,-455.41,11.98,-6.23,-4.52,1.7
137.7,-58.56,-456.19,12.3,-6.25,-4.34,1.91
137.9,-58.64,-456.86,12.3,-6.38,-4.43,1.95
138.1,-58.82,-457.6,12.94,-6.27,-3.93,2.33
138.3,-58.96,-458.83,12.87,-6.53,-4.19,2.34
138.5,-59.24,-460.75,13.2,-6.77,-4.16,2.61
138.7,-59.12,-460.23,12.72,-6.86,-4.53,2.32
138.9,-59.15,-460.74,12.43,-7.07,-4.89,2.18
139.1,-59.23,-461.86,11.98,-7.46,-5.48,1.98
139.3,-59.18,-461.64,11.83,-7.48,-5.59,1.88
139.5,-59.17,-461.44,11.89,-7.42,-5.52,1.9
139.7,-59.35,-462.41,12.41,-7.4,-5.18,2.22
139.9,-59.47,-462.89,12.85,-7.32,-4.84,2.48
140.1,-59.54,-463.33,13,-7.35,-4.78,2.57
140.3,-59.62,-463.98,13.01,-7.47,-4.87,2.6
140.5,-59.72,-464.69,13.11,-7.57,-4.89,2.68
140.7,-59.76,-464.82,13.27,-7.53,-4.77,2.77
140.9,-59.63,-463.97,13.09,-7.44,-4.81,2.63
141.1,-59.59,-463.39,13.37,-7.22,-4.47,2.75
141.3,-59.55,-463.18,13.19,-7.25,-4.62,2.63
141.5,-59.42,-462.25,13.07,-7.12,-4.6,2.52
141.7,-59.26,-461.37,12.72,-7.09,-4.81,2.28
141.9,-59.28,-461.48,12.73,-7.11,-4.83,2.28
142.1,-59.22,-461.4,12.33,-7.26,-5.21,2.05
142.3,-59.15,-460.78,12.41,-7.11,-5.06,2.05
142.5,-59.15,-460.86,12.37,-7.14,-5.11,2.03
142.7,-59.21,-461.27,12.39,-7.21,-5.17,2.05
142.9,-59.26,-461.79,12.27,-7.36,-5.37,1.99
143.1,-59.08,-460.32,12.34,-7.06,-5.09,1.97
143.3,-59.23,-461,12.81,-7,-4.75,2.25
143.5,-59.35,-461.72,13.07,-7.04,-4.62,2.42
143.7,-59.28,-460.98,13.24,-6.83,-4.35,2.48
143.9,-59.16,-459.83,13.46,-6.53,-3.98,2.54
144.1,-59.29,-460.52,13.78,-6.54,-3.79,2.75
144.3,-59.18,-459.93,13.48,-6.54,-3.99,2.55
144.5,-59.03,-459.04,13.21,-6.48,-4.11,2.36
144.7,-59.07,-459.32,13.25,-6.52,-4.12,2.39
144.9,-59.18,-459.99,13.41,-6.59,-4.09,2.5
145.1,-59.24,-460.68,13.27,-6.77,-4.33,2.44
145.3,-59.15,-459.7,13.47,-6.51,-4,2.5
145.5,-59.11,-459.45,13.45,-6.47,-4,2.47
145.7,-59.06,-459.17,13.33,-6.47,-4.08,2.38
145.9,-59.04,-459.07,13.23,-6.49,-4.17,2.31
146.1,-58.97,-458.65,13.12,-6.45,-4.22,2.23
146.3,-59.1,-459.82,12.99,-6.73,-4.53,2.2
146.5,-59.26,-460.54,13.5,-6.67,-4.16,2.51
146.7,-59.24,-460.04,13.89,-6.42,-3.72,2.7
146.9,-59.1,-458.74,14.03,-6.12,-3.4,2.72
147.1,-59.01,-458.04,14.05,-5.98,-3.27,2.7
147.3,-58.87,-456.82,14.15,-5.7,-3,2.7
147.5,-58.68,-455.6,13.86,-5.58,-3.09,2.49
147.7,-58.61,-455.47,13.43,-5.73,-3.48,2.25
147.9,-58.55,-455.13,13.3,-5.71,-3.55,2.16
148.1,-58.63,-455.59,13.49,-5.73,-3.45,2.27
148.3,-58.74,-456.41,13.52,-5.87,-3.55,2.32
148.5,-58.73,-456.42,13.44,-5.91,-3.64,2.27
148.7,-58.74,-456.16,13.74,-5.74,-3.32,2.42
148.9,-58.71,-455.78,13.89,-5.61,-3.14,2.48
149.1,-58.51,-454.54,13.5,-5.53,-3.32,2.21
149.3,-58.39,-453.91,13.2,-5.53,-3.51,2.01
149.5,-58.25,-453.15,12.83,-5.52,-3.74,1.78
149.7,-58.17,-452.88,12.52,-5.59,-4,1.6
149.9,-58.18,-452.95,12.5,-5.61,-4.02,1.59
150.1,-58.31,-453.67,12.77,-5.65,-3.87,1.77
150.3,-58.37,-454.08,12.89,-5.68,-3.82,1.86
150.5,-58.5,-454.62,13.35,-5.6,-3.46,2.14
150.7,-58.58,-455.27,13.37,-5.72,-3.54,2.17
150.9,-58.64,-455.96,13.17,-5.93,-3.84,2.09
151.1,-58.62,-455.96,13.02,-5.99,-3.98,2.01
151.3,-58.56,-455.63,12.86,-5.99,-4.08,1.91
151.5,-58.56,-455.94,12.58,-6.16,-4.39,1.76
151.7,-58.56,-456.01,12.49,-6.21,-4.49,1.71
151.9,-58.67,-457.29,12.08,-6.61,-5.07,1.54
152.1,-58.76,-458.03,12.02,-6.78,-5.24,1.54
152.3,-58.82,-458.34,12.25,-6.75,-5.07,1.68
152.5,-58.94,-458.91,12.61,-6.72,-4.83,1.89
152.7,-59.09,-459.82,12.89,-6.78,-4.7,2.08
152.9,-59.14,-459.72,13.4,-6.56,-4.2,2.36
153.1,-59.2,-460.39,13.21,-6.76,-4.48,2.29
153.3,-59.24,-461.03,12.91,-7.01,-4.86,2.15
153.5,-59.24,-461.36,12.55,-7.21,-5.23,1.97
153.7,-59.23,-461.62,12.26,-7.37,-5.54,1.83
153.9,-59.25,-461.87,12.15,-7.46,-5.67,1.79
154.1,-59.31,-462.04,12.48,-7.36,-5.38,1.98
154.3,-59.42,-462.84,12.52,-7.5,-5.45,2.04
154.5,-59.57,-463.87,12.66,-7.64,-5.47,2.17
154.7,-59.72,-464.63,13.12,-7.6,-5.15,2.46
154.9,-59.79,-464.94,13.38,-7.56,-4.95,2.61
155.1,-59.81,-464.99,13.51,-7.52,-4.83,2.69
155.3,-59.75,-464.4,13.62,-7.36,-4.64,2.72
155.5,-59.74,-464.28,13.63,-7.34,-4.61,2.73
155.7,-59.8,-464.89,13.48,-7.51,-4.85,2.67
155.9,-59.72,-464.64,13.11,-7.61,-5.16,2.45
156.1,-59.66,-464.45,12.79,-7.7,-5.42,2.27
156.3,-59.65,-464.48,12.69,-7.74,-5.53,2.22
156.5,-59.59,-464.14,12.58,-7.72,-5.57,2.15
156.7,-59.47,-463.27,12.51,-7.58,-5.5,2.08
156.9,-59.54,-463.7,12.64,-7.61,-5.44,2.17
157.1,-59.61,-464.12,12.73,-7.65,-5.41,2.24
157.3,-59.55,-463.42,12.99,-7.42,-5.07,2.35
157.5,-59.56,-463.23,13.23,-7.29,-4.81,2.48
157.7,-59.61,-463.45,13.4,-7.26,-4.69,2.57
157.9,-59.48,-462.56,13.26,-7.15,-4.7,2.45
158.1,-59.37,-461.82,13.12,-7.06,-4.73,2.34
158.3,-59.51,-463.11,12.98,-7.37,-5.06,2.31
158.5,-59.52,-463.43,12.76,-7.52,-5.33,2.19
158.7,-59.41,-462.86,12.45,-7.53,-5.54,1.99
158.9,-59.2,-460.56,13.07,-6.85,-4.61,2.23
159.1,-58.96,-458.33,13.33,-6.32,-4.04,2.28
159.3,-58.57,-455.54,13.05,-5.89,-3.88,2.01
159.5,-58.38,-453.95,13.07,-5.58,-3.63,1.95
159.7,-58.2,-452.47,13.15,-5.27,-3.34,1.93
159.9,-58.32,-453.74,12.83,-5.64,-3.84,1.8
160.1,-58.66,-456.08,13.22,-5.94,-3.83,2.1
160.3,-58.82,-457.05,13.53,-6,-3.7,2.3
160.5,-58.77,-456.78,13.38,-6.01,-3.81,2.2
160.7,-58.83,-457.33,13.35,-6.13,-3.93,2.2
160.9,-58.93,-457.86,13.54,-6.16,-3.84,2.32
161.1,-58.83,-457.21,13.45,-6.07,-3.82,2.25
161.3,-58.88,-457.68,13.35,-6.2,-3.99,2.2
161.5,-59.09,-459.09,13.65,-6.36,-3.94,2.42
161.7,-59.27,-460.21,13.91,-6.47,-3.87,2.6
161.9,-59.27,-460.4,13.75,-6.57,-4.06,2.51
162.1,-59.15,-459.76,13.43,-6.57,-4.27,2.31
162.3,-59.03,-458.67,13.6,-6.3,-3.95,2.35
162.5,-58.78,-456.53,13.7,-5.85,-3.54,2.32
162.7,-58.39,-453.75,13.39,-5.44,-3.41,2.03
162.9,-58.12,-451.94,13.01,-5.24,-3.5,1.74
163.1,-58.12,-452.14,12.79,-5.37,-3.75,1.61
163.3,-58.15,-452.45,12.73,-5.45,-3.86,1.59
163.5,-58.22,-453.17,12.57,-5.66,-4.14,1.51
163.7,-58.35,-454.09,12.68,-5.8,-4.2,1.6
163.9,-58.33,-453.97,12.7,-5.76,-4.17,1.59
164.1,-58.25,-453.53,12.48,-5.77,-4.33,1.44
164.3,-58.31,-454.37,12.07,-6.09,-4.86,1.23
164.5,-58.39,-455.22,11.9,-6.33,-5.18,1.15
164.7,-58.54,-456.4,11.95,-6.54,-5.33,1.21
164.9,-58.87,-458.64,12.32,-6.83,-5.34,1.49
165.1,-59.15,-460.25,12.97,-6.89,-4.99,1.9
165.3,-59.24,-460.63,13.32,-6.83,-4.73,2.1
165.5,-59.35,-461.35,13.43,-6.93,-4.76,2.17
165.7,-59.45,-462.25,13.34,-7.14,-4.99,2.15
165.9,-59.41,-462.13,13.14,-7.2,-5.18,2.01
166.1,-59.29,-461.46,12.84,-7.19,-5.38,1.81
166.3,-59.16,-460.4,12.85,-6.98,-5.22,1.76
166.5,-58.98,-458.97,12.85,-6.71,-5.02,1.69
166.7,-58.81,-457.62,12.89,-6.44,-4.79,1.64
166.9,-58.76,-457.06,13,-6.29,-4.62,1.67
167.1,-58.71,-456.55,13.15,-6.13,-4.42,1.72
167.3,-58.7,-456.33,13.26,-6.05,-4.29,1.76
167.5,-58.61,-455.57,13.33,-5.88,-4.11,1.77
167.7,-58.44,-454.27,13.27,-5.65,-3.98,1.67
167.9,-58.26,-453.04,13.04,-5.5,-4,1.5
168.1,-58.14,-452.16,12.95,-5.37,-3.96,1.41
168.3,-58.1,-451.77,13.05,-5.25,-3.8,1.45
168.5,-58.01,-451.08,12.96,-5.16,-3.78,1.37
168.7,-57.94,-450.69,12.84,-5.13,-3.84,1.29
168.9,-57.95,-450.84,12.8,-5.17,-3.9,1.27
169.1,-58.02,-451.41,12.73,-5.31,-4.05,1.26
169.3,-58.08,-452.12,12.55,-5.52,-4.33,1.19
169.5,-58.18,-452.8,12.61,-5.63,-4.38,1.24
169.7,-58.22,-453.05,12.75,-5.62,-4.3,1.32
169.9,-58.19,-452.66,12.83,-5.52,-4.17,1.35
170.1,-58,-451.49,12.49,-5.43,-4.31,1.11
170.3,-57.77,-450.05,12.08,-5.31,-4.48,0.83
170.5,-57.72,-450.01,11.75,-5.43,-4.79,0.64
170.7,-57.73,-450.37,11.47,-5.61,-5.12,0.49
170.9,-57.92,-451.82,11.51,-5.88,-5.31,0.57
171.1,-58.16,-453.43,11.87,-6.04,-5.22,0.83
171.3,-58.34,-454.3,12.43,-6,-4.83,1.17
171.5,-58.46,-454.79,12.89,-5.91,-4.48,1.43
171.7,-58.56,-455.26,13.22,-5.87,-4.25,1.63
171.9,-58.48,-454.5,13.33,-5.68,-4.03,1.65
172.1,-58.29,-453.03,13.31,-5.41,-3.83,1.58
172.3,-58.19,-452.44,13.08,-5.39,-3.97,1.42
172.5,-58.11,-452.02,12.84,-5.4,-4.14,1.26
172.7,-57.96,-451.29,12.39,-5.44,-4.46,0.98
172.9,-57.79,-450.29,11.99,-5.4,-4.68,0.72
173.1,-57.66,-449.52,11.76,-5.34,-4.79,0.56
173.3,-57.54,-448.83,11.49,-5.32,-4.94,0.38
173.5,-57.4,-447.99,11.22,-5.26,-5.06,0.2
173.7,-57.46,-448.13,11.58,-5.15,-4.75,0.4
173.9,-57.6,-448.87,11.95,-5.14,-4.51,0.64
174.1,-57.81,-450.24,12.27,-5.28,-4.42,0.87
174.3,-58.15,-452.51,12.72,-5.55,-4.34,1.2
174.5,-58.49,-454.7,13.19,-5.79,-4.23,1.55
174.7,-58.67,-456.17,13.22,-6.06,-4.42,1.64
174.9,-58.86,-457.81,13.09,-6.42,-4.79,1.63
175.1,-58.9,-458.14,13.03,-6.51,-4.88,1.62
175.3,-58.73,-456.92,12.93,-6.31,-4.78,1.53
175.5,-58.65,-456.39,12.82,-6.25,-4.79,1.46
175.7,-58.58,-455.88,12.8,-6.16,-4.72,1.43
175.9,-58.42,-454.65,12.73,-5.94,-4.58,1.36
176.1,-58.43,-454.8,12.68,-5.99,-4.64,1.35
176.3,-58.53,-455.54,12.73,-6.11,-4.69,1.42
176.5,-58.55,-455.59,12.8,-6.09,-4.63,1.47
176.7,-58.55,-455.3,13.09,-5.92,-4.29,1.63
176.9,-58.63,-455.47,13.55,-5.77,-3.87,1.89
177.1,-58.64,-455.21,13.89,-5.58,-3.51,2.08
177.3,-58.6,-454.72,14.11,-5.4,-3.22,2.19
177.5,-58.51,-453.6,14.48,-5.04,-2.69,2.35
177.7,-58.4,-452.6,14.63,-4.78,-2.38,2.4
177.9,-58.25,-451.4,14.64,-4.55,-2.19,2.36
178.1,-58.13,-450.44,14.62,-4.37,-2.05,2.32
178.3,-58.18,-450.8,14.67,-4.42,-2.06,2.37
178.5,-58.32,-451.98,14.55,-4.69,-2.34,2.36
178.7,-58.19,-451.36,14.19,-4.71,-2.57,2.14
178.9,-58.12,-450.94,13.99,-4.71,-2.68,2.02
179.1,-58.12,-451.14,13.84,-4.8,-2.85,1.96
179.3,-57.99,-450.26,13.63,-4.71,-2.9,1.82
179.5,-57.79,-449,13.28,-4.61,-3.03,1.58
179.7,-57.83,-449.47,13.17,-4.74,-3.2,1.54
179.9,-57.83,-449.41,13.22,-4.71,-3.13,1.58
180.1,-57.75,-448.78,13.25,-4.57,-3,1.57
180.3,-57.95,-449.94,13.68,-4.63,-2.78,1.85
180.5,-58.35,-452.38,14.46,-4.79,-2.41,2.38
180.7,-58.76,-454.94,15.11,-5.03,-2.19,2.84
180.9,-59.18,-458.11,15.36,-5.54,-2.43,3.11
181.1,-59.58,-461.07,15.61,-6.02,-2.65,3.37
181.3,-59.57,-461.15,15.38,-6.12,-2.87,3.25
181.5,-59.39,-460.16,14.93,-6.1,-3.13,2.97
181.7,-59.29,-459.7,14.58,-6.15,-3.38,2.77
181.9,-59.28,-459.86,14.4,-6.25,-3.56,2.69
182.1,-59.29,-460.09,14.2,-6.37,-3.78,2.59
182.3,-59.26,-460.36,13.76,-6.59,-4.22,2.37
182.5,-59.24,-460.62,13.32,-6.81,-4.66,2.15
182.7,-59.22,-460.59,13.14,-6.88,-4.82,2.06
182.9,-59.11,-459.87,13,-6.79,-4.82,1.97
183.1,-59.07,-459.54,13.02,-6.72,-4.75,1.97
183.3,-59.33,-460.91,13.7,-6.71,-4.31,2.4
183.5,-59.58,-462.28,14.38,-6.71,-3.89,2.83
183.7,-59.71,-462.84,14.83,-6.64,-3.54,3.1
183.9,-59.82,-463.28,15.27,-6.55,-3.19,3.36
184.1,-59.99,-464.1,15.8,-6.5,-2.81,3.69
184.3,-60.09,-464.56,16.13,-6.47,-2.58,3.89
184.5,-60.18,-465.02,16.45,-6.43,-2.34,4.08
184.7,-60.09,-464.1,16.62,-6.18,-2.04,4.14
184.9,-59.94,-462.76,16.75,-5.88,-1.72,4.16
185.1,-59.71,-461.11,16.59,-5.62,-1.62,4
185.3,-59.47,-459.63,16.14,-5.51,-1.83,3.69
185.5,-59.23,-458.16,15.68,-5.41,-2.05,3.36
185.7,-59.25,-458.67,15.3,-5.66,-2.49,3.17
185.9,-59.34,-459.72,14.97,-6,-2.98,3.01
186.1,-59.39,-460.32,14.81,-6.18,-3.25,2.93
186.3,-59.38,-460.13,14.92,-6.11,-3.15,2.96
186.5,-59.42,-460.26,15.09,-6.07,-3.04,3.03
186.7,-59.56,-461.01,15.46,-6.07,-2.84,3.24
186.9,-59.68,-461.58,15.88,-6.03,-2.56,3.46
187.1,-59.8,-462.13,16.25,-5.99,-2.33,3.67
187.3,-59.84,-462.32,16.37,-5.99,-2.27,3.72
187.5,-59.65,-461.08,16.13,-5.85,-2.34,3.51
187.7,-59.39,-459.23,15.87,-5.6,-2.34,3.26
187.9,-59.18,-457.72,15.7,-5.38,-2.3,3.08
188.1,-58.88,-455.58,15.49,-5.05,-2.2,2.85
188.3,-58.63,-453.61,15.43,-4.7,-1.99,2.71
188.5,-58.61,-453.11,15.78,-4.48,-1.63,2.85
188.7,-58.61,-452.75,16.1,-4.29,-1.3,2.98
188.9,-58.48,-451.57,16.26,-4.01,-1.02,2.99
189.1,-58.36,-450.48,16.4,-3.74,-0.75,2.99
189.3,-58.07,-447.99,16.54,-3.22,-0.28,2.93
189.5,-57.71,-445.13,16.57,-2.66,0.14,2.8
189.7,-57.63,-444.49,16.52,-2.56,0.14,2.7
189.9,-57.83,-446.13,16.49,-2.9,-0.19,2.71
190.1,-58.12,-448.46,16.47,-3.36,-0.61,2.75
190.3,-58.37,-450.61,16.33,-3.84,-1.12,2.72
190.5,-58.6,-452.62,16.18,-4.3,-1.62,2.68
190.7,-58.74,-453.74,16.16,-4.53,-1.85,2.68
190.9,-58.67,-453.25,16.09,-4.47,-1.88,2.59
191.1,-58.47,-452.12,15.64,-4.43,-2.16,2.27
191.3,-58.51,-452.52,15.53,-4.56,-2.36,2.2
191.5,-58.54,-452.76,15.6,-4.59,-2.38,2.21
191.7,-58.49,-452.4,15.55,-4.54,-2.4,2.14
191.9,-58.57,-452.94,15.59,-4.64,-2.49,2.15
192.1,-58.67,-453.63,15.69,-4.74,-2.52,2.21
192.3,-58.74,-454.46,15.42,-5.01,-2.93,2.08
192.5,-58.81,-455.22,15.3,-5.21,-3.19,2.02
192.7,-58.77,-454.97,15.18,-5.21,-3.28,1.93
192.9,-58.47,-452.45,15.28,-4.68,-2.81,1.88
193.1,-58.24,-450.2,15.7,-4.08,-2.06,2.02
193.3,-58.06,-448.29,16.19,-3.52,-1.31,2.21
193.5,-57.9,-446.61,16.6,-3.03,-0.66,2.37
193.7,-57.75,-444.86,17.15,-2.48,0.12,2.6
193.9,-57.74,-444.77,17.14,-2.46,0.12,2.59
194.1,-57.75,-445.08,16.93,-2.6,-0.12,2.48
194.3,-57.89,-446.3,16.82,-2.88,-0.42,2.47
194.5,-58.01,-447.57,16.48,-3.27,-0.94,2.32
194.7,-58.08,-448.62,15.99,-3.66,-1.58,2.09
194.9,-58.16,-449.41,15.89,-3.86,-1.8,2.05
195.1,-58.28,-450.13,16.09,-3.92,-1.73,2.19
195.3,-58.23,-449.57,16.3,-3.73,-1.45,2.28
195.5,-58.15,-448.74,16.47,-3.5,-1.16,2.34
195.7,-57.88,-446.64,16.43,-3.11,-0.87,2.24
195.9,-57.64,-444.79,16.36,-2.77,-0.65,2.13
196.1,-57.51,-443.77,16.32,-2.59,-0.53,2.06
196.3,-57.25,-441.88,16.09,-2.32,-0.46,1.86
196.5,-56.93,-439.63,15.78,-2,-0.4,1.6
196.7,-56.87,-439.31,15.66,-1.98,-0.47,1.52
196.9,-56.87,-439.46,15.48,-2.08,-0.67,1.42
197.1,-56.58,-437.56,15.07,-1.87,-0.76,1.12
197.3,-56.36,-436.06,14.8,-1.69,-0.78,0.9
197.5,-56.24,-435.27,14.68,-1.58,-0.77,0.81
197.7,-56.15,-433.89,15.3,-1.07,0.02,1.09
197.9,-55.96,-431.87,15.81,-0.47,0.83,1.3
198.1,-55.94,-431.72,15.84,-0.44,0.87,1.31
198.3,-55.9,-431.3,15.92,-0.32,1.02,1.34
198.5,-55.92,-431.46,15.89,-0.37,0.95,1.32
198.7,-55.92,-432.23,15.12,-0.82,0.1,0.92
198.9,-55.72,-431.21,14.52,-0.85,-0.3,0.55
199.1,-55.44,-428.99,14.5,-0.43,0.04,0.46
199.3,-55.4,-428.69,14.53,-0.36,0.11,0.46
199.5,-55.11,-426.46,14.45,0.05,0.38,0.34
199.7,-54.71,-423.34,14.34,0.61,0.77,0.16
199.9,-54.71,-423.51,14.18,0.52,0.59,0.07
200.1,-54.8,-424.35,14.01,0.29,0.3,0.01
200.3,-54.79,-424.44,13.9,0.23,0.18,-0.05
200.5,-54.91,-425.38,13.9,0.04,0.03,-0.01
200.7,-55.12,-426.96,13.97,-0.24,-0.15,0.09
200.9,-55.44,-429.37,14.12,-0.65,-0.39,0.26
201.1,-55.7,-431.33,14.27,-0.97,-0.55,0.42
201.3,-55.8,-431.99,14.41,-1.05,-0.52,0.53
201.5,-56.1,-434.26,14.53,-1.44,-0.76,0.68
201.7,-56.41,-436.63,14.63,-1.87,-1.04,0.83
201.9,-56.42,-436.54,14.83,-1.77,-0.83,0.94
202.1,-56.47,-436.67,15.07,-1.7,-0.62,1.08
202.3,-56.64,-437.99,15.1,-1.94,-0.79,1.16
202.5,-56.66,-438.13,15.13,-1.96,-0.78,1.18
202.7,-56.62,-437.86,15.06,-1.94,-0.8,1.14
202.9,-56.59,-437.88,14.82,-2.03,-1.02,1.01
203.1,-56.76,-439.45,14.66,-2.4,-1.41,0.99
203.3,-56.95,-441,14.61,-2.72,-1.7,1.02
203.5,-57.18,-442.93,14.54,-3.12,-2.07,1.05
203.7,-57.46,-445.07,14.64,-3.51,-2.32,1.19
203.9,-57.72,-446.96,14.8,-3.81,-2.46,1.35
204.1,-57.77,-447.31,14.82,-3.87,-2.5,1.37
204.3,-57.76,-447.36,14.68,-3.94,-2.63,1.3
204.5,-57.72,-447.1,14.64,-3.9,-2.62,1.27
204.7,-57.73,-447.21,14.66,-3.91,-2.62,1.29
204.9,-57.82,-447.82,14.71,-4.01,-2.67,1.34
205.1,-57.71,-446.95,14.76,-3.82,-2.49,1.34
205.3,-57.61,-445.94,14.97,-3.54,-2.13,1.41
205.5,-57.57,-445.35,15.24,-3.32,-1.79,1.54
205.7,-57.58,-445.18,15.48,-3.2,-1.54,1.66
205.9,-57.51,-444.48,15.59,-3.01,-1.32,1.7
206.1,-57.53,-444.85,15.42,-3.15,-1.54,1.61
206.3,-57.61,-445.62,15.23,-3.38,-1.85,1.53
206.5,-57.54,-445.31,15.03,-3.4,-1.99,1.41
206.7,-57.31,-443.69,14.78,-3.18,-1.98,1.2
206.9,-57.08,-442.13,14.54,-2.97,-1.97,1.01
207.1,-56.97,-441.15,14.6,-2.76,-1.76,1
207.3,-57,-441.44,14.57,-2.83,-1.84,0.99
207.5,-57.09,-442.26,14.45,-3.04,-2.09,0.95
207.7,-56.99,-441.74,14.21,-3.03,-2.23,0.8
207.9,-56.89,-441.16,13.97,-3.01,-2.37,0.64
208.1,-56.74,-440.04,13.92,-2.81,-2.25,0.56
208.3,-56.45,-437.63,14,-2.31,-1.8,0.51
208.5,-56.29,-436.32,14.03,-2.04,-1.56,0.48
208.7,-56.44,-437.47,14.09,-2.24,-1.69,0.55
208.9,-56.6,-438.59,14.19,-2.43,-1.78,0.64
209.1,-56.78,-439.98,14.27,-2.67,-1.93,0.74
209.3,-56.97,-441.4,14.33,-2.92,-2.1,0.82
209.5,-56.94,-441.11,14.44,-2.82,-1.95,0.87
209.7,-56.8,-439.77,14.6,-2.49,-1.59,0.9
209.9,-56.71,-439.07,14.64,-2.35,-1.45,0.89
210.1,-56.63,-438.56,14.47,-2.31,-1.53,0.78
210.3,-56.54,-437.92,14.37,-2.23,-1.53,0.7
210.5,-56.55,-438.07,14.32,-2.28,-1.6,0.67
210.7,-56.56,-438.18,14.28,-2.31,-1.65,0.66
210.9,-56.45,-437.3,14.33,-2.12,-1.48,0.65
211.1,-56.33,-436.28,14.36,-1.91,-1.29,0.63
211.3,-56.08,-434.51,14.16,-1.64,-1.19,0.45
211.5,-55.86,-432.89,13.96,-1.41,-1.13,0.28
211.7,-55.71,-431.88,13.77,-1.28,-1.15,0.14
211.9,-55.61,-431.33,13.58,-1.25,-1.24,0.01
212.1,-55.64,-431.74,13.35,-1.42,-1.52,-0.1
212.3,-55.79,-433.02,13.29,-1.69,-1.78,-0.09
212.5,-55.84,-433.63,13.13,-1.87,-2.02,-0.15
212.7,-55.81,-433.5,12.98,-1.91,-2.15,-0.24
212.9,-55.56,-431.47,13.03,-1.49,-1.78,-0.29
213.1,-55.21,-428.55,13.13,-0.89,-1.23,-0.34
213.3,-55.05,-427.16,13.25,-0.57,-0.89,-0.33
213.5,-55,-426.51,13.47,-0.35,-0.58,-0.23
213.7,-55.08,-427.04,13.59,-0.41,-0.55,-0.14
213.9,-55.4,-429.75,13.46,-0.99,-1.1,-0.11
214.1,-55.49,-430.41,13.47,-1.11,-1.19,-0.08
214.3,-55.38,-429.54,13.47,-0.94,-1.05,-0.11
214.5,-55.17,-427.95,13.38,-0.67,-0.89,-0.22
214.7,-54.86,-425.54,13.34,-0.21,-0.55,-0.33
214.9,-54.6,-423.36,13.41,0.24,-0.13,-0.37
215.1,-54.7,-424.14,13.42,0.09,-0.24,-0.33
215.3,-54.78,-424.95,13.27,-0.12,-0.5,-0.38
215.5,-54.93,-426.26,13.18,-0.41,-0.79,-0.38
215.7,-55.11,-427.77,13.12,-0.73,-1.07,-0.34
215.9,-55.2,-428.58,13.04,-0.92,-1.27,-0.35
216.1,-55.17,-428.47,12.87,-0.96,-1.4,-0.44
216.3,-55.1,-427.99,12.81,-0.89,-1.36,-0.48
216.5,-55.1,-427.88,12.89,-0.84,-1.27,-0.43
216.7,-55.16,-428.23,13.05,-0.84,-1.16,-0.32
216.9,-55.16,-428.1,13.15,-0.77,-1.02,-0.25
217.1,-54.92,-426.22,13.13,-0.41,-0.72,-0.31
217.3,-54.74,-424.75,13.17,-0.1,-0.43,-0.33
217.5,-54.62,-423.74,13.21,0.11,-0.21,-0.32
217.7,-54.43,-422.29,13.16,0.38,-0.01,-0.39
217.9,-54.49,-422.71,13.25,0.33,0.03,-0.3
218.1,-54.8,-424.92,13.45,-0.01,-0.09,-0.08
218.3,-55.09,-427.09,13.65,-0.35,-0.21,0.14
218.5,-55.31,-429.08,13.38,-0.84,-0.74,0.1
218.7,-55.53,-431.13,13.08,-1.35,-1.31,0.05
218.9,-55.54,-431.53,12.8,-1.54,-1.6,-0.06
219.1,-55.5,-431.32,12.7,-1.53,-1.62,-0.09
219.3,-55.46,-431.12,12.59,-1.53,-1.65,-0.12
219.5,-55.49,-431.16,12.8,-1.45,-1.42,0.03
219.7,-55.54,-431.28,13.03,-1.37,-1.18,0.2
219.9,-55.63,-431.92,13.15,-1.45,-1.13,0.32
220.1,-55.83,-433.55,13.09,-1.78,-1.4,0.38
220.3,-56.02,-435.29,12.91,-2.18,-1.8,0.39
220.5,-56.12,-436.27,12.65,-2.47,-2.15,0.32
220.7,-56.19,-437.11,12.4,-2.72,-2.48,0.25
220.9,-56.33,-438.18,12.45,-2.91,-2.56,0.35
221.1,-56.44,-438.94,12.59,-2.99,-2.51,0.48
221.3,-56.55,-439.57,12.81,-3.03,-2.37,0.65
221.5,-56.63,-440.01,13.04,-3.01,-2.19,0.83
221.7,-56.7,-440.11,13.48,-2.86,-1.76,1.1
221.9,-56.61,-439.29,13.55,-2.67,-1.54,1.13
222.1,-56.63,-439.64,13.36,-2.81,-1.75,1.06
222.3,-56.69,-440.61,12.89,-3.17,-2.32,0.86
222.5,-56.79,-441.3,13.04,-3.25,-2.27,0.98
222.7,-56.93,-442.27,13.18,-3.38,-2.27,1.1
222.9,-57.27,-445,13.17,-3.91,-2.69,1.21
223.1,-57.46,-446.41,13.23,-4.15,-2.85,1.31
223.3,-57.58,-446.95,13.65,-4.09,-2.53,1.56
223.5,-57.7,-448.13,13.49,-4.39,-2.87,1.52
223.7,-57.81,-449.58,12.94,-4.88,-3.6,1.28
223.9,-57.78,-449.62,12.66,-5,-3.87,1.13
224.1,-57.79,-449.3,13,-4.8,-3.49,1.31
224.3,-57.86,-449.67,13.24,-4.78,-3.32,1.45
224.5,-58.02,-450.74,13.41,-4.92,-3.34,1.58
224.7,-58,-450.32,13.69,-4.73,-3.01,1.72
224.9,-58.1,-450.86,13.93,-4.74,-2.87,1.87
225.1,-58.31,-452.78,13.71,-5.2,-3.38,1.82
225.3,-58.59,-454.94,13.74,-5.6,-3.69,1.91
225.5,-58.74,-455.91,13.99,-5.7,-3.62,2.08
225.7,-59.02,-457.88,14.3,-5.96,-3.63,2.33
225.9,-59.2,-458.98,14.62,-6.04,-3.5,2.54
226.1,-59.27,-459.66,14.52,-6.22,-3.72,2.5
226.3,-59.25,-459.62,14.42,-6.25,-3.81,2.44
226.5,-59.27,-459.62,14.58,-6.19,-3.68,2.52
226.7,-59.19,-459,14.49,-6.11,-3.67,2.44
226.9,-59.14,-458.6,14.53,-6.02,-3.58,2.44
227.1,-59.06,-457.37,15.14,-5.54,-2.83,2.71
227.3,-58.94,-455.95,15.55,-5.1,-2.22,2.88
227.5,-58.66,-454.05,15.23,-4.87,-2.24,2.62
227.7,-58.57,-453.3,15.25,-4.71,-2.11,2.6
227.9,-58.58,-453.14,15.51,-4.58,-1.84,2.74
228.1,-58.31,-451.05,15.4,-4.22,-1.63,2.59
228.3,-58.07,-449.39,15.17,-3.99,-1.6,2.39
228.5,-57.97,-448.45,15.27,-3.77,-1.38,2.39
228.7,-57.88,-447.89,15.15,-3.71,-1.42,2.3
228.9,-57.71,-447,14.66,-3.73,-1.75,1.98
229.1,-57.9,-448.92,14.29,-4.26,-2.42,1.84
229.3,-58.12,-450.87,14.12,-4.7,-2.89,1.81
229.5,-58.42,-453.09,14.26,-5.08,-3.12,1.96
229.7,-58.56,-454.13,14.36,-5.24,-3.2,2.04
229.9,-58.82,-455.97,14.57,-5.52,-3.3,2.22
230.1,-59.16,-458.36,14.93,-5.85,-3.35,2.49
230.3,-59.39,-459.88,15.28,-6.01,-3.28,2.72
230.5,-59.36,-459.8,15.05,-6.09,-3.51,2.57
230.7,-59.43,-460.47,14.97,-6.25,-3.72,2.54
230.9,-59.37,-460.14,14.83,-6.25,-3.83,2.42
231.1,-59.14,-458.35,14.76,-5.94,-3.65,2.28
231.3,-58.89,-456.58,14.53,-5.69,-3.63,2.06
231.5,-58.71,-455.28,14.37,-5.5,-3.61,1.89
231.7,-58.64,-454.64,14.5,-5.34,-3.44,1.9
231.9,-58.66,-454.54,14.71,-5.24,-3.27,1.98
232.1,-58.74,-455.2,14.72,-5.37,-3.4,1.98
232.3,-58.88,-455.86,15.15,-5.34,-3.14,2.2
232.5,-59.14,-457.15,15.97,-5.28,-2.61,2.67
232.7,-59.29,-458.2,16.1,-5.44,-2.69,2.75
232.9,-59.32,-458.28,16.25,-5.4,-2.6,2.8
233.1,-59.27,-457.52,16.61,-5.12,-2.18,2.94
233.3,-59.09,-456.72,15.99,-5.22,-2.68,2.53
233.5,-58.98,-456.19,15.62,-5.26,-2.98,2.28
233.7,-58.72,-454.25,15.49,-4.94,-2.84,2.1
233.9,-58.5,-452.84,15.13,-4.81,-2.99,1.82
234.1,-58.34,-452.27,14.46,-4.97,-3.57,1.41
234.3,-58.44,-452.66,14.83,-4.91,-3.31,1.6
234.5,-58.43,-452.63,14.81,-4.91,-3.35,1.56
234.7,-58.46,-452.97,14.71,-5.02,-3.52,1.5
234.9,-58.47,-452.81,14.98,-4.89,-3.27,1.62
235.1,-58.48,-452.3,15.52,-4.58,-2.69,1.89
235.3,-58.38,-451.48,15.56,-4.41,-2.53,1.88
235.5,-58.3,-450.67,15.7,-4.2,-2.29,1.91
235.7,-58.25,-449.94,16.09,-3.9,-1.81,2.09
235.9,-58.19,-449.26,16.22,-3.72,-1.59,2.13
236.1,-58.07,-447.95,16.59,-3.32,-1.04,2.28
236.3,-57.84,-446.02,16.74,-2.88,-0.6,2.29
236.5,-57.57,-443.9,16.67,-2.5,-0.33,2.16
236.7,-57.37,-442.37,16.6,-2.23,-0.17,2.06
236.9,-57.18,-440.91,16.51,-1.98,-0.03,1.95
237.1,-57,-440.11,15.87,-2.08,-0.51,1.57
237.3,-57.03,-440.6,15.67,-2.25,-0.77,1.48
237.5,-57.03,-440.59,15.62,-2.26,-0.81,1.45
237.7,-56.86,-439.45,15.39,-2.13,-0.85,1.28
237.9,-56.71,-438.46,15.25,-1.99,-0.83,1.17
238.1,-56.58,-437.49,15.19,-1.83,-0.73,1.1
238.3,-56.32,-435.65,14.93,-1.57,-0.68,0.89
238.5,-56.16,-434.61,14.64,-1.48,-0.79,0.69
238.7,-56.13,-434.46,14.6,-1.46,-0.79,0.67
238.9,-56.08,-434.3,14.35,-1.53,-1,0.53
239.1,-56.05,-434.27,14.14,-1.61,-1.19,0.42
239.3,-56.06,-434.51,14,-1.71,-1.35,0.36
239.5,-56.08,-434.68,13.94,-1.76,-1.43,0.33
239.7,-56.08,-434.84,13.78,-1.86,-1.6,0.26
239.9,-56.03,-434.42,13.83,-1.75,-1.48,0.28
240.1,-55.87,-432.93,14.04,-1.38,-1.03,0.35
240.3,-55.71,-431.48,14.23,-1.02,-0.61,0.41
240.5,-55.53,-429.64,14.63,-0.5,0.08,0.58
240.7,-55.32,-427.83,14.73,-0.11,0.47,0.58
240.9,-55.17,-427.16,14.18,-0.19,0.08,0.26
241.1,-55.1,-426.66,14.16,-0.09,0.16,0.25
241.3,-54.91,-425.32,13.98,0.1,0.22,0.12
241.5,-54.68,-423.84,13.62,0.25,0.14,-0.11
241.7,-54.46,-422.28,13.41,0.47,0.21,-0.26
241.9,-54.18,-419.74,13.74,1.1,0.95,-0.15
242.1,-53.72,-416.43,13.35,1.6,1.14,-0.46
242.3,-53.39,-414.19,12.95,1.88,1.14,-0.74
242.5,-53.04,-411.71,12.6,2.23,1.23,-1
242.7,-52.7,-409.07,12.55,2.73,1.63,-1.1
242.9,-52.46,-407.26,12.4,3.03,1.81,-1.22
243.1,-52.36,-406.73,12.15,3.04,1.69,-1.34
243.3,-52.35,-406.48,12.32,3.15,1.93,-1.23
243.5,-52.54,-407.72,12.59,3.02,2.03,-1
243.7,-52.69,-409.22,12.27,2.61,1.53,-1.08
243.9,-52.81,-410.52,11.97,2.24,1.08,-1.16
244.1,-53.17,-413.39,11.97,1.69,0.67,-1.02
244.3,-53.58,-416.83,11.83,0.98,0.05,-0.93
244.5,-53.93,-419.92,11.51,0.25,-0.71,-0.96
244.7,-54.35,-423.16,11.62,-0.33,-1.06,-0.74
244.9,-54.79,-426.45,11.86,-0.87,-1.32,-0.45
245.1,-55.13,-428.95,12.08,-1.26,-1.47,-0.2
245.3,-55.39,-430.94,12.21,-1.59,-1.62,-0.03
245.5,-55.7,-433.21,12.35,-1.97,-1.82,0.16
245.7,-56.03,-435.8,12.44,-2.44,-2.11,0.33
245.9,-56.45,-439.19,12.37,-3.12,-2.68,0.44
246.1,-56.76,-441.9,12.2,-3.7,-3.24,0.47
246.3,-56.99,-444.06,11.83,-4.26,-3.9,0.36
246.5,-57.2,-445.94,11.63,-4.7,-4.36,0.34
246.7,-57.43,-447.62,11.8,-4.96,-4.44,0.52
246.9,-57.53,-448.17,12.1,-4.95,-4.23,0.72
247.1,-57.65,-448.84,12.34,-4.98,-4.09,0.89
247.3,-57.78,-449.48,12.75,-4.94,-3.79,1.15
247.5,-57.85,-449.81,12.99,-4.9,-3.59,1.31
247.7,-57.68,-448.4,13.01,-4.62,-3.34,1.28
247.9,-57.49,-446.92,12.96,-4.36,-3.15,1.2
248.1,-57.26,-445.23,12.83,-4.08,-3,1.08
248.3,-57.03,-443.5,12.72,-3.78,-2.82,0.96
248.5,-56.82,-441.91,12.61,-3.52,-2.67,0.85
248.7,-57.02,-443.78,12.37,-3.97,-3.17,0.8
248.9,-57.26,-445.9,12.19,-4.44,-3.64,0.8
249.1,-57.53,-448.12,12.15,-4.89,-4.01,0.88
249.3,-57.8,-450.34,12.1,-5.33,-4.38,0.95
249.5,-58.18,-453.3,12.17,-5.87,-4.76,1.12
249.7,-58.32,-454.29,12.3,-6.01,-4.77,1.24
249.9,-58.44,-455.09,12.43,-6.11,-4.76,1.35
250.1,-58.52,-455.65,12.51,-6.19,-4.76,1.43
250.3,-58.49,-455.46,12.42,-6.19,-4.8,1.38
250.5,-58.34,-454.53,12.22,-6.09,-4.84,1.24
250.7,-58.19,-453.55,12,-5.98,-4.89,1.09
250.9,-58.17,-453.2,12.19,-5.84,-4.65,1.19
251.1,-58.19,-453.11,12.44,-5.72,-4.39,1.33
251.3,-58.29,-453.67,12.67,-5.74,-4.25,1.48
251.5,-58.37,-454.18,12.77,-5.79,-4.23,1.56
251.7,-58.44,-454.68,12.87,-5.85,-4.21,1.64
251.9,-58.49,-455.24,12.66,-6.04,-4.49,1.55
252.1,-58.59,-456.25,12.49,-6.3,-4.8,1.5
252.3,-58.72,-457.29,12.49,-6.5,-4.97,1.53
252.5,-58.77,-457.8,12.36,-6.65,-5.17,1.48
252.7,-58.82,-458.31,12.24,-6.8,-5.38,1.42
252.9,-58.81,-457.74,12.75,-6.49,-4.81,1.68
253.1,-58.74,-456.71,13.21,-6.11,-4.23,1.88
253.3,-58.72,-456.5,13.23,-6.07,-4.19,1.88
253.5,-58.8,-457,13.44,-6.08,-4.08,2
253.7,-58.84,-457.05,13.64,-6.02,-3.91,2.11
253.9,-58.8,-457.31,13.13,-6.27,-4.44,1.83
254.1,-58.77,-457.46,12.72,-6.46,-4.86,1.6
254.3,-58.8,-457.58,12.81,-6.45,-4.79,1.65
254.5,-58.75,-457.12,12.86,-6.34,-4.68,1.66
254.7,-58.68,-456.64,12.82,-6.26,-4.64,1.62
254.9,-58.68,-456.44,12.96,-6.17,-4.49,1.68
255.1,-58.72,-456.52,13.27,-6.07,-4.21,1.85
255.3,-58.54,-455,13.3,-5.76,-3.96,1.81
255.5,-58.52,-454.7,13.49,-5.63,-3.73,1.9
255.7,-58.5,-454.2,13.79,-5.42,-3.38,2.04
255.9,-58.4,-453.3,13.89,-5.21,-3.15,2.05
256.1,-58.24,-452.47,13.43,-5.22,-3.45,1.77
256.3,-58.21,-452.56,13.1,-5.37,-3.78,1.59
256.5,-58.09,-451.9,12.78,-5.37,-3.98,1.39
256.7,-58.08,-451.81,12.81,-5.34,-3.93,1.4
256.9,-58.1,-452.08,12.71,-5.43,-4.07,1.36
257.1,-58.05,-451.66,12.73,-5.34,-3.98,1.36
257.3,-58,-451.05,12.92,-5.15,-3.71,1.44
257.5,-58.04,-450.85,13.44,-4.9,-3.18,1.72
257.7,-58.09,-451.09,13.63,-4.88,-3.05,1.83
257.9,-58.19,-451.87,13.65,-5.02,-3.15,1.87
258.1,-58.34,-452.81,13.92,-5.1,-3.04,2.05
258.3,-58.42,-452.96,14.37,-4.95,-2.65,2.3
258.5,-58.45,-453.53,14.06,-5.18,-3.03,2.15
258.7,-58.56,-454.8,13.65,-5.59,-3.62,1.97
258.9,-58.55,-454.83,13.54,-5.64,-3.73,1.91
259.1,-58.52,-454.51,13.64,-5.54,-3.58,1.96
259.3,-58.58,-455.02,13.59,-5.65,-3.71,1.95
259.5,-58.57,-455.07,13.5,-5.7,-3.81,1.9
259.7,-58.4,-453.83,13.35,-5.52,-3.76,1.77
259.9,-58.36,-453.66,13.25,-5.53,-3.82,1.7
260.1,-58.45,-454.6,12.98,-5.81,-4.22,1.59
260.3,-58.44,-454.76,12.72,-5.95,-4.49,1.46
260.5,-58.4,-454.34,12.82,-5.83,-4.34,1.49
260.7,-58.41,-454.29,13,-5.75,-4.16,1.59
260.9,-58.45,-454.45,13.17,-5.71,-4.03,1.69
261.1,-58.45,-454.34,13.22,-5.67,-3.96,1.71
261.3,-58.43,-454.35,13.06,-5.74,-4.12,1.62
261.5,-58.35,-453.81,12.98,-5.67,-4.12,1.55
261.7,-58.23,-452.86,12.96,-5.49,-4,1.49
261.9,-58.1,-451.87,12.9,-5.32,-3.9,1.42
262.1,-57.96,-450.88,12.81,-5.17,-3.83,1.33
262.3,-57.88,-450.29,12.77,-5.07,-3.79,1.28
262.5,-57.92,-450.53,12.83,-5.09,-3.77,1.32
262.7,-58.08,-451.55,13.12,-5.18,-3.66,1.52
262.9,-58.22,-452.46,13.28,-5.29,-3.65,1.64
263.1,-58.31,-453.13,13.35,-5.39,-3.69,1.71
263.3,-58.44,-454.08,13.44,-5.54,-3.74,1.8
263.5,-58.5,-454.61,13.36,-5.67,-3.9,1.78
263.7,-58.44,-454.52,13.03,-5.79,-4.2,1.59
263.9,-58.4,-454.39,12.81,-5.85,-4.38,1.47
264.1,-58.43,-454.7,12.73,-5.94,-4.5,1.44
264.3,-58.36,-454.46,12.46,-6,-4.71,1.28
264.5,-58.47,-455.14,12.61,-6.07,-4.68,1.39
264.7,-58.61,-456.09,12.79,-6.18,-4.65,1.53
264.9,-58.66,-456.6,12.72,-6.31,-4.8,1.51
265.1,-58.67,-456.77,12.62,-6.38,-4.92,1.46
265.3,-58.94,-458.21,13.29,-6.39,-4.5,1.89
265.5,-59.08,-459.08,13.57,-6.45,-4.38,2.08
265.7,-59.09,-459.24,13.46,-6.52,-4.5,2.02
265.9,-59.13,-459.44,13.61,-6.51,-4.4,2.11
266.1,-59.14,-459.39,13.77,-6.43,-4.23,2.2
266.3,-59.09,-458.93,13.77,-6.34,-4.16,2.19
266.5,-59.11,-458.79,14.07,-6.2,-3.84,2.35
266.7,-59.19,-459.32,14.18,-6.26,-3.82,2.44
266.9,-59.23,-459.76,14.12,-6.36,-3.94,2.42
267.1,-59.33,-460.45,14.16,-6.48,-4,2.48
267.3,-59.38,-460.9,14.11,-6.59,-4.12,2.47
267.5,-59.31,-460.85,13.66,-6.76,-4.54,2.21
267.7,-59.27,-460.54,13.59,-6.72,-4.56,2.16
267.9,-59.25,-460.67,13.31,-6.86,-4.85,2.01
268.1,-59.29,-461.11,13.2,-6.98,-5.01,1.97
268.3,-59.34,-461.67,13.03,-7.16,-5.26,1.9
268.5,-59.45,-462.39,13.2,-7.23,-5.22,2.02
268.7,-59.6,-463.3,13.53,-7.28,-5.04,2.23
268.9,-59.76,-464.15,13.89,-7.3,-4.84,2.47
269.1,-59.83,-464.67,13.95,-7.38,-4.86,2.52
269.3,-59.86,-465.05,13.81,-7.51,-5.05,2.46
269.5,-59.93,-465.44,14,-7.51,-4.92,2.58
269.7,-60,-465.82,14.2,-7.5,-4.79,2.71
269.9,-60.01,-465.53,14.56,-7.3,-4.4,2.9
270.1,-60,-465.17,14.83,-7.13,-4.09,3.04
270.3,-59.99,-464.87,15.06,-6.98,-3.83,3.15
270.5,-59.86,-464.33,14.58,-7.06,-4.19,2.87
270.7,-59.71,-463.64,14.05,-7.14,-4.59,2.55
270.9,-59.78,-463.79,14.43,-7.02,-4.25,2.76
271.1,-59.87,-464.02,14.9,-6.88,-3.85,3.03
271.3,-59.88,-464.14,14.87,-6.91,-3.9,3.02
271.5,-59.92,-464.51,14.82,-7.01,-4.02,2.99
271.7,-59.98,-465.03,14.81,-7.11,-4.1,3.01
271.9,-59.9,-464.79,14.4,-7.23,-4.47,2.76
272.1,-59.82,-464.46,14.1,-7.28,-4.7,2.58
272.3,-59.82,-464.24,14.31,-7.16,-4.48,2.68
272.5,-59.85,-464.15,14.67,-7,-4.14,2.87
272.7,-59.78,-463.55,14.65,-6.9,-4.07,2.83
272.9,-59.66,-462.92,14.39,-6.88,-4.23,2.65
273.1,-59.59,-462.15,14.53,-6.68,-3.98,2.69
273.3,-59.54,-461.64,14.66,-6.53,-3.8,2.73
273.5,-59.5,-461.21,14.78,-6.4,-3.62,2.78
273.7,-59.58,-461.41,15.21,-6.27,-3.25,3.02
273.9,-59.69,-462.07,15.45,-6.31,-3.14,3.17
274.1,-59.76,-462.97,15.14,-6.6,-3.57,3.03
274.3,-59.79,-463.39,14.92,-6.77,-3.85,2.92
274.5,-59.73,-463.01,14.86,-6.72,-3.85,2.87
274.7,-59.68,-462.54,14.87,-6.63,-3.77,2.86
274.9,-59.65,-462.23,15,-6.52,-3.6,2.91
275.1,-59.61,-461.84,15.01,-6.44,-3.55,2.89
275.3,-59.52,-461.39,14.74,-6.46,-3.74,2.72
275.5,-59.53,-461.71,14.55,-6.6,-3.98,2.62
275.7,-59.57,-462.07,14.48,-6.7,-4.11,2.58
275.9,-59.53,-461.58,14.68,-6.53,-3.86,2.67
276.1,-59.52,-461.17,15.01,-6.32,-3.5,2.82
276.3,-59.51,-460.84,15.26,-6.16,-3.22,2.94
276.5,-59.43,-460.28,15.18,-6.09,-3.23,2.86
276.7,-59.33,-459.68,14.98,-6.05,-3.34,2.71
276.9,-59.32,-459.76,14.79,-6.14,-3.54,2.6
277.1,-59.34,-459.99,14.72,-6.22,-3.67,2.55
277.3,-59.41,-460.37,14.87,-6.24,-3.59,2.64
277.5,-59.49,-460.83,15.05,-6.26,-3.51,2.75
277.7,-59.61,-461.75,15.16,-6.4,-3.57,2.83
277.9,-59.68,-462.44,15.03,-6.58,-3.82,2.77
278.1,-59.72,-463,14.79,-6.79,-4.15,2.64
278.3,-59.73,-463.14,14.72,-6.85,-4.26,2.59
278.5,-59.74,-463.1,14.78,-6.82,-4.22,2.6
278.7,-59.69,-462.6,14.91,-6.68,-4.05,2.63
278.9,-59.64,-462.04,15.05,-6.52,-3.86,2.66
279.1,-59.58,-461.49,15.18,-6.37,-3.68,2.69
279.3,-59.57,-461.34,15.22,-6.33,-3.65,2.68
279.5,-59.57,-461.34,15.22,-6.33,-3.68,2.66
279.7,-59.57,-461.34,15.22,-6.34,-3.7,2.64
279.9,-59.57,-461.34,15.22,-6.35,-3.73,2.61
280.1,-59.57,-460.99,15.54,-6.16,-3.4,2.75
280.3,-59.56,-460.63,15.86,-5.97,-3.07,2.9
280.5,-59.56,-460.28,16.19,-5.77,-2.73,3.05
280.7,-59.55,-459.92,16.51,-5.58,-2.39,3.19
280.9,-59.55,-459.56,16.84,-5.39,-2.04,3.34
281.1,-59.55,-459.55,16.85,-5.38,-2.05,3.33
281.3,-59.54,-459.59,16.77,-5.42,-2.15,3.27
281.5,-59.5,-459.56,16.43,-5.56,-2.49,3.07
281.7,-59.35,-458.5,16.32,-5.4,-2.45,2.95
281.9,-59.24,-457.95,15.99,-5.42,-2.69,2.73
282.1,-59.13,-457.37,15.66,-5.44,-2.93,2.51
282.3,-58.95,-456.16,15.47,-5.28,-2.94,2.35
282.5,-58.82,-455.01,15.55,-5.03,-2.7,2.33
282.7,-58.69,-454.4,15.08,-5.1,-3.07,2.03
282.9,-58.48,-453.11,14.74,-4.99,-3.21,1.78
283.1,-58.25,-451.13,14.88,-4.55,-2.77,1.77
283.3,-58.2,-450.67,14.93,-4.44,-2.67,1.77
283.5,-58.06,-449.69,14.79,-4.31,-2.66,1.65
283.7,-58.09,-449.79,14.97,-4.26,-2.51,1.75
283.9,-58.18,-450.14,15.26,-4.21,-2.29,1.92
284.1,-58.28,-451.08,15.2,-4.42,-2.5,1.92
284.3,-58.24,-450.8,15.08,-4.41,-2.57,1.84
284.5,-58.24,-450.73,15.2,-4.35,-2.44,1.91
284.7,-58.17,-449.92,15.44,-4.1,-2.09,2.01
284.9,-57.93,-448.17,15.24,-3.83,-1.99,1.84
285.1,-57.65,-446.35,14.83,-3.64,-2.09,1.55
285.3,-57.46,-445.04,14.65,-3.45,-2.05,1.41
285.5,-57.34,-444.21,14.54,-3.34,-2.02,1.32
285.7,-57.28,-443.83,14.42,-3.31,-2.06,1.24
285.9,-57.31,-443.84,14.62,-3.23,-1.87,1.36
286.1,-57.34,-443.83,14.9,-3.12,-1.6,1.52
286.3,-57.29,-443.32,14.98,-2.98,-1.43,1.55
286.5,-57.12,-442.33,14.66,-2.91,-1.56,1.35
286.7,-56.93,-441.19,14.24,-2.86,-1.77,1.08
286.9,-56.82,-440.62,13.94,-2.86,-1.96,0.9
287.1,-56.77,-440.11,14.07,-2.71,-1.74,0.96
287.3,-56.73,-439.91,13.95,-2.72,-1.81,0.9
287.5,-56.75,-440.08,13.92,-2.76,-1.85,0.91
287.7,-56.72,-439.7,14.04,-2.63,-1.66,0.97
287.9,-56.66,-439.04,14.22,-2.44,-1.38,1.05
288.1,-56.6,-438.81,14,-2.47,-1.53,0.94
288.3,-56.51,-438.23,13.88,-2.4,-1.54,0.86
288.5,-56.43,-437.26,14.14,-2.11,-1.13,0.98
288.7,-56.36,-436.67,14.22,-1.96,-0.95,1.01
288.9,-56.37,-436.93,14.07,-2.07,-1.13,0.95
289.1,-56.43,-437.42,14.01,-2.19,-1.25,0.94
289.3,-56.43,-437.21,14.25,-2.05,-0.98,1.08
289.5,-56.39,-436.53,14.59,-1.78,-0.53,1.25
289.7,-56.33,-436.18,14.48,-1.76,-0.57,1.19
289.9,-56.23,-435.44,14.42,-1.64,-0.5,1.14
290.1,-56.13,-434.83,14.23,-1.59,-0.57,1.02
290.3,-56.19,-435.57,13.94,-1.85,-0.95,0.89
290.5,-56.39,-437.84,13.31,-2.53,-1.9,0.64
290.7,-56.6,-439.7,13.13,-2.97,-2.35,0.62
290.9,-56.75,-441.04,12.95,-3.29,-2.72,0.58
291.1,-56.83,-441.75,12.92,-3.44,-2.84,0.6
291.3,-56.9,-442.17,13.06,-3.46,-2.76,0.71
291.5,-56.84,-441.53,13.22,-3.28,-2.49,0.78
291.7,-56.87,-441.26,13.7,-3.04,-1.99,1.05
291.9,-57,-441.54,14.44,-2.8,-1.32,1.47
292.1,-57.17,-442.8,14.53,-3,-1.42,1.58
292.3,-57.28,-443.78,14.43,-3.23,-1.66,1.57
292.5,-57.42,-444.92,14.43,-3.45,-1.83,1.62
292.7,-57.52,-445.88,14.3,-3.69,-2.1,1.59
292.9,-57.6,-446.98,13.83,-4.08,-2.7,1.38
293.1,-57.66,-447.43,13.82,-4.18,-2.78,1.39
293.3,-57.75,-448.13,13.88,-4.29,-2.83,1.46
293.5,-57.9,-449.13,14.04,-4.42,-2.83,1.59
293.7,-57.88,-449.16,13.87,-4.49,-3,1.49
293.9,-57.76,-448.44,13.66,-4.43,-3.08,1.35
294.1,-57.75,-448.41,13.59,-4.46,-3.15,1.31
294.3,-57.75,-448.36,13.61,-4.44,-3.12,1.32
294.5,-57.82,-449.01,13.53,-4.59,-3.29,1.3
294.7,-57.98,-450.24,13.59,-4.81,-3.42,1.39
294.9,-58.12,-451.2,13.77,-4.92,-3.39,1.53
295.1,-58.07,-450.68,13.92,-4.76,-3.17,1.59
295.3,-57.96,-449.76,13.91,-4.59,-3.03,1.55
295.5,-57.82,-448.38,14.17,-4.22,-2.58,1.64
295.7,-57.72,-447.29,14.49,-3.89,-2.12,1.77
295.9,-57.71,-447,14.7,-3.75,-1.87,1.87
296.1,-57.77,-447.39,14.78,-3.79,-1.87,1.93
296.3,-57.9,-448.3,14.9,-3.92,-1.89,2.03
296.5,-58.04,-449.42,14.93,-4.13,-2.04,2.09
296.7,-58.14,-450.43,14.72,-4.41,-2.4,2
296.9,-57.95,-450.75,12.85,-5.2,-4.21,0.99
297.1,-58.21,-451.88,13.81,-5.04,-3.49,1.56
297.3,-57.74,-448.18,13.77,-4.34,-2.96,1.39
297.5,-57.75,-448.5,13.49,-4.52,-3.28,1.24
297.7,-58.02,-450.95,13.2,-5.1,-3.93,1.17
297.9,-58.05,-451.22,13.18,-5.17,-4,1.16
298.1,-58.41,-452.98,14.31,-5.06,-3.21,1.85
298.3,-58.57,-454.41,14.13,-5.42,-3.62,1.8
298.5,-58.58,-454.18,14.46,-5.24,-3.27,1.97
298.7,-58.46,-453.02,14.68,-4.93,-2.89,2.04
298.9,-58.24,-451.82,14.11,-4.92,-3.24,1.68
299.1,-58.38,-452.73,14.31,-5.02,-3.21,1.82
299.3,-58.24,-451.17,14.74,-4.55,-2.56,1.99
299.5,-58.23,-450.8,15.03,-4.37,-2.24,2.13
299.7,-58.37,-451.91,15.01,-4.59,-2.43,2.16
299.9,-58.52,-453.48,14.72,-5.01,-2.96,2.05
300.1,-58.3,-451.84,14.56,-4.76,-2.86,1.89
300.3,-57.88,-448.46,14.61,-4.08,-2.3,1.78
300.5,-57.95,-448.63,15,-3.96,-1.96,2
300.7,-57.97,-449.24,14.52,-4.27,-2.53,1.75
300.9,-57.86,-448.94,13.92,-4.45,-3.05,1.4
301.1,-57.7,-447.89,13.7,-4.33,-3.1,1.23
301.3,-57.68,-447.5,13.91,-4.18,-2.85,1.32
301.5,-58.11,-450.77,14.11,-4.74,-3.18,1.56
301.7,-58.27,-452.11,14.06,-5.02,-3.44,1.57
301.9,-58.8,-455.72,14.71,-5.46,-3.39,2.07
302.1,-58.78,-455.75,14.52,-5.55,-3.58,1.96
302.3,-58.57,-454.19,14.37,-5.3,-3.48,1.82
302.5,-58.58,-453.64,15.01,-4.95,-2.8,2.14
302.7,-58.62,-453.44,15.5,-4.71,-2.31,2.4
302.9,-58.36,-451.44,15.44,-4.35,-2.07,2.29
303.1,-58.56,-452.96,15.53,-4.61,-2.22,2.39
303.3,-58.29,-450.63,15.68,-4.1,-1.73,2.37
303.5,-58.19,-450.13,15.39,-4.12,-1.93,2.19
303.7,-57.81,-447.19,15.28,-3.6,-1.59,2
303.9,-57.51,-444.88,15.19,-3.18,-1.32,1.86
304.1,-57.6,-445.74,15.06,-3.4,-1.59,1.81
304.3,-57.68,-446.17,15.29,-3.4,-1.46,1.94
304.5,-57.64,-446,15.15,-3.42,-1.57,1.85
304.7,-58.47,-452.34,15.42,-4.55,-2.33,2.22
304.9,-57.45,-444.15,15.42,-2.96,-1.06,1.9
305.1,-57.8,-447.61,14.79,-3.88,-2.22,1.67
305.3,-57.59,-445.42,15.3,-3.26,-1.41,1.85
305.5,-56.84,-439.6,15.09,-2.21,-0.71,1.5
305.7,-56.62,-438.22,14.76,-2.08,-0.82,1.25
305.9,-57.52,-445.24,14.88,-3.4,-1.83,1.57
306.1,-58.24,-450.85,15.09,-4.41,-2.54,1.88
306.3,-58.24,-450.98,14.95,-4.5,-2.7,1.79
306.5,-58.02,-449.61,14.57,-4.38,-2.86,1.52
306.7,-58.16,-450.42,14.86,-4.43,-2.73,1.7
306.9,-57.78,-447.39,14.88,-3.83,-2.25,1.58
307.1,-57.93,-448.76,14.7,-4.17,-2.66,1.52
307.3,-57.94,-448.79,14.75,-4.16,-2.63,1.53
307.5,-58.66,-454.2,15.05,-5.1,-3.22,1.88
307.7,-59.16,-457.81,15.5,-5.63,-3.38,2.25
307.9,-58.75,-454.43,15.59,-4.94,-2.78,2.16
308.1,-58.17,-450.09,15.29,-4.21,-2.39,1.82
308.3,-57.96,-447.98,15.68,-3.65,-1.71,1.94
308.5,-58.16,-449.11,16.17,-3.68,-1.44,2.24
308.7,-57.78,-446.52,15.71,-3.36,-1.48,1.88
308.9,-57.56,-444.61,15.86,-2.93,-1.06,1.87
309.1,-57.59,-444.87,15.86,-2.98,-1.11,1.88
309.3,-57.61,-445.5,15.36,-3.3,-1.69,1.61
309.5,-57.94,-448.64,14.85,-4.12,-2.68,1.44
309.7,-58.51,-453.23,14.81,-5.03,-3.45,1.59
309.9,-58.3,-451.46,14.94,-4.64,-3.05,1.59
310.1,-57.76,-446.84,15.2,-3.63,-2.08,1.55
310.3,-57.58,-445.4,15.24,-3.34,-1.82,1.52
310.5,-57.71,-446.17,15.54,-3.37,-1.66,1.71
310.7,-57.76,-447.09,14.99,-3.77,-2.33,1.44
310.9,-57.91,-447.5,15.82,-3.52,-1.61,1.91
311.1,-57.47,-444.67,15.05,-3.27,-1.9,1.37
311.3,-57.04,-441.36,14.99,-2.65,-1.43,1.21
311.5,-57.38,-443.5,15.56,-2.84,-1.23,1.61
311.7,-57.54,-445.05,15.24,-3.27,-1.79,1.49
311.9,-57.01,-441,15.09,-2.54,-1.29,1.25
312.1,-57.15,-442.15,15.06,-2.78,-1.51,1.27
312.3,-57.21,-442.63,15.04,-2.88,-1.61,1.27
312.5,-57.44,-444.09,15.46,-3,-1.44,1.56
312.7,-57.33,-443.19,15.45,-2.83,-1.31,1.52
312.9,-56.69,-438.68,14.8,-2.2,-1.21,0.99
313.1,-56.44,-436.89,14.61,-1.93,-1.12,0.81
313.3,-56.8,-439.31,15.12,-2.2,-1.02,1.18
313.5,-56.62,-437.65,15.31,-1.8,-0.58,1.22
313.7,-56.7,-438.97,14.6,-2.34,-1.46,0.88
313.9,-56.26,-435.39,14.69,-1.6,-0.81,0.8
314.1,-56.73,-438.4,15.47,-1.89,-0.55,1.33
314.3,-56.74,-438.55,15.41,-1.94,-0.64,1.3
314.5,-56.66,-438.02,15.27,-1.89,-0.69,1.2
314.7,-56.76,-438.77,15.3,-2.03,-0.78,1.25
314.9,-57.03,-440.83,15.44,-2.38,-0.98,1.4
315.1,-57.28,-442.4,15.81,-2.54,-0.88,1.66
315.3,-55.99,-433.08,14.8,-1.11,-0.36,0.75
315.5,-55.92,-431.64,15.71,-0.47,0.72,1.19
315.7,-56.64,-437.73,15.42,-1.78,-0.53,1.25
315.9,-56.79,-438.77,15.55,-1.93,-0.58,1.35
316.1,-57.02,-440.35,15.81,-2.14,-0.59,1.55
316.3,-56.02,-432.96,15.17,-0.95,-0.03,0.92
316.5,-55.93,-432.19,15.26,-0.77,0.16,0.93
316.7,-56.33,-434.78,15.87,-1.03,0.33,1.36
316.9,-55.92,-431.71,15.65,-0.52,0.6,1.12
317.1,-56.77,-438.73,15.43,-1.98,-0.73,1.25
317.3,-57.23,-442.09,15.75,-2.51,-0.96,1.55
317.5,-57.12,-441.39,15.56,-2.45,-1.04,1.41
317.7,-57.18,-442.13,15.32,-2.69,-1.39,1.3
317.9,-57.35,-443.52,15.26,-2.99,-1.68,1.31
318.1,-57.41,-443.84,15.4,-3,-1.61,1.39
318.3,-57.74,-446.45,15.47,-3.48,-1.97,1.51
318.5,-57.72,-446.04,15.69,-3.32,-1.71,1.6
318.7,-57.73,-445.98,15.87,-3.24,-1.56,1.69
318.9,-57.69,-445.6,15.96,-3.13,-1.42,1.71
319.1,-57.52,-444.24,15.92,-2.88,-1.26,1.63
319.3,-57.94,-447.18,16.32,-3.3,-1.36,1.95
319.5,-58.2,-449.04,16.53,-3.59,-1.46,2.13
319.7,-58.41,-450.67,16.61,-3.88,-1.65,2.22
319.9,-58.57,-452.64,15.92,-4.53,-2.62,1.91
320.1,-58.15,-449.5,15.73,-3.99,-2.31,1.69
320.3,-58.19,-449.56,15.99,-3.9,-2.08,1.83
320.5,-58.99,-454.77,17.15,-4.47,-1.82,2.65
320.7,-58.49,-451.5,16.45,-4.11,-1.96,2.14
320.9,-58.4,-450.55,16.63,-3.85,-1.65,2.2
321.1,-58.39,-450.09,17.06,-3.59,-1.17,2.42
321.3,-57.8,-446.41,15.99,-3.29,-1.61,1.69
321.5,-58.33,-450.23,16.45,-3.86,-1.79,2.08
321.7,-58.17,-448.79,16.54,-3.54,-1.47,2.07
321.9,-57.54,-443.97,16.35,-2.67,-0.89,1.79
322.1,-57.31,-442.29,16.19,-2.41,-0.78,1.63
322.3,-57.64,-445.08,16.03,-3.02,-1.38,1.64
322.5,-57.55,-444.12,16.24,-2.75,-1.03,1.72
322.7,-57.77,-445.81,16.38,-3.03,-1.17,1.86
322.9,-58.45,-451.23,16.37,-4.09,-2.05,2.05
323.1,-57.69,-445.42,16.1,-3.06,-1.38,1.68
323.3,-57.36,-442.8,16.06,-2.56,-1,1.56
323.5,-57.27,-442.01,16.17,-2.37,-0.78,1.59
323.7,-57.28,-442.08,16.15,-2.39,-0.82,1.57
323.9,-57.14,-441.49,15.63,-2.48,-1.22,1.26
324.1,-57.07,-440.72,15.85,-2.24,-0.89,1.35
324.3,-56.98,-440.3,15.53,-2.28,-1.12,1.16
324.5,-57.05,-440.74,15.63,-2.33,-1.1,1.23
324.7,-57.1,-441.15,15.69,-2.39,-1.11,1.28
324.9,-57.01,-440.57,15.51,-2.35,-1.19,1.16
325.1,-56.74,-438.5,15.42,-1.97,-0.94,1.03
325.3,-56.16,-433.84,15.46,-1.05,-0.16,0.88
325.5,-56.41,-435.13,16.16,-1.02,0.29,1.32
325.7,-56.35,-434.93,15.86,-1.1,0.04,1.14
325.9,-56.23,-434.16,15.71,-1.01,0.02,1.03
326.1,-56.2,-433.42,16.16,-0.69,0.56,1.25
326.3,-56.01,-432.38,15.74,-0.65,0.33,0.98
326.5,-56.49,-436.24,15.68,-1.43,-0.34,1.09
326.7,-56.11,-433.48,15.43,-0.99,-0.13,0.85
326.9,-56.25,-434.81,15.23,-1.32,-0.53,0.79
327.1,-55.91,-432,15.3,-0.75,-0.02,0.73
327.3,-55.74,-430.22,15.68,-0.25,0.62,0.87
327.5,-55.74,-430.31,15.63,-0.29,0.56,0.85
327.7,-55.62,-430.03,14.97,-0.49,-0.02,0.47
327.9,-55.5,-429.47,14.53,-0.55,-0.34,0.21
328.1,-55.53,-429.7,14.56,-0.58,-0.34,0.24
328.3,-55.15,-426.82,14.35,-0.1,-0.09,0.02
328.5,-55.8,-431.17,15.23,-0.61,0.06,0.67
328.7,-55.64,-429.56,15.52,-0.18,0.59,0.77
328.9,-55.49,-429.06,14.85,-0.34,0.04,0.39
329.1,-55.3,-427.81,14.55,-0.22,-0.04,0.18
329.3,-54.85,-424.5,14.28,0.33,0.25,-0.08
329.5,-54.87,-424.45,14.49,0.42,0.46,0.04
329.7,-54.54,-422.42,13.92,0.6,0.25,-0.34
329.9,-54.31,-420.74,13.71,0.84,0.33,-0.51
330.1,-54.6,-422.87,13.9,0.5,0.18,-0.32
330.3,-54.72,-423.74,14,0.37,0.14,-0.23
330.5,-54.39,-420.84,14.27,1.05,0.87,-0.18
330.7,-54.36,-420.63,14.28,1.09,0.91,-0.18
330.9,-54.37,-421.11,13.83,0.82,0.42,-0.4
331.1,-54.64,-423.26,13.87,0.42,0.12,-0.29
331.3,-54.54,-422.42,13.89,0.59,0.29,-0.3
331.5,-54.34,-420.87,13.82,0.87,0.48,-0.39
331.7,-54.29,-420.08,14.22,1.18,0.99,-0.19
331.9,-54.2,-419.91,13.73,1.03,0.57,-0.46
332.1,-54.3,-420.45,13.95,1.01,0.7,-0.3
332.3,-54.42,-421.31,14.08,0.89,0.7,-0.19
332.5,-54.33,-421.25,13.4,0.64,0.1,-0.54
332.7,-53.8,-416.74,13.7,1.64,1.11,-0.53
332.9,-54.37,-420.95,13.97,0.93,0.72,-0.2
333.1,-53.67,-415.06,14.27,2.2,1.97,-0.23
333.3,-53.62,-415.2,13.79,1.99,1.52,-0.47
333.5,-53.9,-417.27,13.95,1.65,1.38,-0.27
333.7,-53.82,-417.35,13.21,1.35,0.7,-0.65
333.9,-54.11,-419.41,13.48,1.06,0.67,-0.39
334.1,-54.12,-419.38,13.57,1.1,0.79,-0.31
334.3,-53.66,-415.55,13.75,1.92,1.61,-0.31
334.5,-53.1,-411.56,13.21,2.49,1.76,-0.73
334.7,-52.79,-409.4,12.89,2.79,1.85,-0.95
334.9,-52.66,-408.27,13.04,3.08,2.21,-0.87
335.1,-52.38,-406.37,12.65,3.3,2.18,-1.12
335.3,-51.53,-399.73,12.54,4.55,3.16,-1.39
335.5,-51.88,-403.37,11.65,3.5,1.81,-1.7
335.7,-51.37,-399.16,11.76,4.37,2.61,-1.76
335.9,-50.86,-395.47,11.4,4.94,2.89,-2.06
336.1,-50.47,-392.3,11.44,5.58,3.47,-2.11
336.3,-51.23,-398.34,11.51,4.44,2.64,-1.8
336.5,-51.39,-399.16,11.96,4.46,2.98,-1.48
336.7,-50.88,-395.69,11.35,4.9,2.99,-1.91
336.9,-50.9,-396.1,11.06,4.71,2.7,-2.01
337.1,-51.28,-399.45,10.81,3.96,1.98,-1.98
337.3,-51.39,-399.33,11.8,4.38,2.97,-1.41
337.5,-51.89,-403.49,11.6,3.5,2.17,-1.33
337.7,-52.15,-405.63,11.6,3.09,1.87,-1.22
337.9,-52.44,-407.81,11.7,2.71,1.66,-1.04
338.1,-52.51,-408.34,11.71,2.61,1.62,-0.99
338.3,-53.01,-412.14,11.93,1.97,1.27,-0.7
338.5,-53.87,-419.16,11.76,0.55,0.06,-0.49
338.7,-54.16,-421.32,11.99,0.23,-0.02,-0.24
338.9,-54.7,-425.63,12,-0.6,-0.63,-0.03
339.1,-54.71,-425.38,12.29,-0.43,-0.27,0.15
339.3,-54.88,-426.63,12.43,-0.61,-0.29,0.31
339.5,-55.17,-428.97,12.42,-1.06,-0.62,0.44
339.7,-55.11,-428.45,12.47,-0.93,-0.46,0.48
339.9,-55.05,-428.95,11.45,-1.42,-1.45,-0.02
340.1,-55.52,-431.93,12.25,-1.68,-1.11,0.57
340.3,-55.67,-432.92,12.46,-1.78,-1.03,0.75
340.5,-55.57,-432.39,12.17,-1.79,-1.19,0.59
340.7,-55.89,-434.75,12.36,-2.16,-1.34,0.82
340.9,-55.99,-435.68,12.25,-2.38,-1.57,0.81
341.1,-56.02,-436.35,11.81,-2.68,-2.07,0.61
341.3,-56.35,-438.99,11.8,-3.19,-2.47,0.72
341.5,-56.45,-439.71,11.91,-3.28,-2.47,0.82
341.7,-56.42,-438.93,12.43,-2.93,-1.84,1.08
341.9,-56.57,-440.41,12.18,-3.31,-2.3,1.01
342.1,-57.31,-446.16,12.33,-4.36,-3.03,1.33
342.3,-57.41,-446.89,12.36,-4.48,-3.11,1.38
342.5,-57.47,-447.58,12.14,-4.7,-3.42,1.28
342.7,-57.71,-449.39,12.3,-4.99,-3.55,1.44
342.9,-58.15,-452.63,12.55,-5.51,-3.8,1.71
343.1,-58.73,-457.77,12.03,-6.71,-5.08,1.62
343.3,-58.62,-457.02,11.94,-6.6,-5.05,1.54
343.5,-58.83,-458.29,12.33,-6.69,-4.89,1.8
343.7,-59.28,-462.31,11.89,-7.63,-5.91,1.72
343.9,-59.57,-464.36,12.19,-7.91,-5.95,1.96
344.1,-59.75,-465.15,12.85,-7.81,-5.46,2.35
344.3,-59.33,-462.37,12.28,-7.5,-5.58,1.91
344.5,-59.56,-463.84,12.61,-7.65,-5.51,2.14
344.7,-59.92,-466.23,13.13,-7.91,-5.39,2.52
344.9,-59.99,-466.38,13.56,-7.77,-5.03,2.75
345.1,-60.03,-466.46,13.78,-7.71,-4.84,2.86
345.3,-59.79,-464.47,13.85,-7.3,-4.48,2.81
345.5,-59.42,-461.82,13.51,-6.92,-4.41,2.51
345.7,-58.76,-457.16,12.92,-6.26,-4.27,1.99
345.9,-59.38,-461.79,13.23,-7.03,-4.7,2.33
346.1,-59.64,-463.78,13.35,-7.37,-4.9,2.47
346.3,-59.92,-466.05,13.31,-7.82,-5.3,2.53
346.5,-59.69,-464.07,13.44,-7.39,-4.88,2.51
346.7,-59.38,-461.42,13.62,-6.82,-4.32,2.49
346.9,-59.69,-463.35,14.16,-6.98,-4.13,2.86
347.1,-59.69,-463.24,14.27,-6.92,-4.01,2.9
347.3,-59.27,-460.04,14.12,-6.36,-3.68,2.69
347.5,-59.35,-460.79,13.97,-6.57,-3.94,2.63
347.7,-59.41,-461.44,13.84,-6.74,-4.17,2.57
347.9,-58.86,-457.27,13.63,-6.02,-3.74,2.29
348.1,-58.85,-457.18,13.65,-6,-3.71,2.29
348.3,-58.96,-457.93,13.75,-6.11,-3.74,2.37
348.5,-59.33,-461.23,13.4,-6.88,-4.58,2.3
348.7,-59.5,-462.73,13.27,-7.22,-4.94,2.28
348.9,-59.3,-460.39,14.01,-6.48,-3.89,2.59
349.1,-59.06,-458.85,13.65,-6.33,-3.99,2.33
349.3,-58.75,-456.82,13.18,-6.12,-4.13,1.99
349.5,-58.91,-458.06,13.24,-6.34,-4.27,2.07
349.7,-59.03,-458.85,13.36,-6.44,-4.28,2.16
349.9,-59.37,-461.1,13.86,-6.68,-4.17,2.51
350.1,-59.12,-459.02,13.96,-6.25,-3.77,2.48
350.3,-58.93,-457.41,14.03,-5.91,-3.46,2.45
350.5,-57.88,-449.81,13.23,-4.76,-3.06,1.7
350.7,-58.05,-450.98,13.38,-4.93,-3.11,1.82
350.9,-58.42,-453.64,13.72,-5.31,-3.21,2.1
351.1,-58.22,-452.4,13.4,-5.2,-3.33,1.86
351.3,-58.19,-452.22,13.27,-5.21,-3.44,1.78
351.5,-58.26,-452.96,13.12,-5.42,-3.71,1.71
351.7,-58.36,-453.89,13.01,-5.65,-3.98,1.67
351.9,-58.44,-454.6,12.92,-5.82,-4.19,1.64
352.1,-58.58,-455.27,13.38,-5.77,-3.87,1.9
352.3,-58.56,-455.1,13.34,-5.76,-3.89,1.87
352.5,-58.48,-454.64,13.2,-5.72,-3.96,1.77
352.7,-58.58,-455.32,13.29,-5.82,-3.98,1.84
352.9,-58.62,-455.63,13.34,-5.87,-3.99,1.87
353.1,-58.64,-455.68,13.44,-5.83,-3.91,1.93
353.3,-58.8,-456.93,13.48,-6.06,-4.07,2
353.5,-59.03,-458.7,13.54,-6.38,-4.29,2.09
353.7,-58.86,-457.58,13.31,-6.25,-4.33,1.92
353.9,-58.79,-457.04,13.31,-6.15,-4.25,1.9
354.1,-58.69,-455.77,13.75,-5.73,-3.64,2.09
354.3,-58.66,-455.73,13.54,-5.81,-3.83,1.98
354.5,-58.63,-455.7,13.34,-5.88,-4.01,1.87
354.7,-58.92,-458.06,13.28,-6.36,-4.43,1.93
354.9,-58.94,-458.18,13.31,-6.37,-4.42,1.95
355.1,-58.85,-457.37,13.43,-6.16,-4.18,1.99
355.3,-58.89,-457.82,13.29,-6.3,-4.37,1.93
355.5,-58.92,-458.18,13.18,-6.42,-4.53,1.89
355.7,-59.34,-461.55,13.16,-7.07,-5.06,2.02
355.9,-59.44,-462.35,13.17,-7.23,-5.17,2.05
356.1,-59.61,-463.68,13.2,-7.47,-5.35,2.12
356.3,-59.2,-460.46,13.15,-6.87,-4.9,1.97
356.5,-58.79,-457.23,13.09,-6.27,-4.46,1.81
356.7,-59.18,-460.77,12.65,-7.13,-5.43,1.7
356.9,-59.3,-461.85,12.56,-7.37,-5.69,1.68
357.1,-59.51,-463.27,12.81,-7.55,-5.67,1.88
357.3,-59.46,-462.89,12.77,-7.49,-5.65,1.84
357.5,-59.38,-462.32,12.72,-7.4,-5.61,1.79
357.7,-59.37,-462.24,12.75,-7.37,-5.57,1.8
357.9,-59.37,-462.2,12.76,-7.36,-5.56,1.8
358.1,-59.57,-463.52,13,-7.52,-5.53,1.99
358.3,-59.56,-463.49,12.97,-7.53,-5.56,1.97
358.5,-59.52,-463.3,12.86,-7.54,-5.64,1.89
358.7,-59.43,-462.22,13.18,-7.2,-5.18,2.02
358.9,-59.34,-461.26,13.46,-6.91,-4.77,2.13
359.1,-59.14,-460.27,12.84,-6.96,-5.21,1.75
359.3,-59.14,-460.32,12.79,-6.99,-5.27,1.72
359.5,-59.6,-463.03,13.77,-7.13,-4.77,2.36
359.7,-59.4,-461.94,13.23,-7.14,-5.12,2.01
359.9,-59.09,-460.31,12.41,-7.14,-5.65,1.49
360.1,-59.13,-459.79,13.28,-6.7,-4.76,1.94
360.3,-59.12,-459.32,13.61,-6.48,-4.38,2.1
360.5,-58.2,-452.22,13.38,-5.2,-3.51,1.69
360.7,-58.53,-455.16,13.12,-5.88,-4.22,1.66
360.9,-59.15,-460.57,12.63,-7.11,-5.52,1.59
